CellID,sample,first_type,second_type,doublet_pair,nearest_first_type_distance,nearest_second_type_distance,first_type_supported,second_type_supported,both_types_supported,support_radius,contact_evidence,max_constituent_distance
PC1_cellid_000152206-1,PC1_A2,Fibroblast,Duct2,Duct2__Fibroblast,28.8697105181395,12.3322116826671,TRUE,TRUE,TRUE,30,spatially_supported_contact,28.8697105181395
PC1_cellid_000152389-1,PC1_A2,Fibroblast,Duct2,Duct2__Fibroblast,8.05779912185972,31.309401024534,TRUE,FALSE,FALSE,30,unsupported_mixture,31.309401024534
PC1_cellid_000152890-1,PC1_A2,Duct2,Fibroblast,Duct2__Fibroblast,9.99460124623963,16.6336291740151,TRUE,TRUE,TRUE,30,spatially_supported_contact,16.6336291740151
PC1_cellid_000152982-1,PC1_A2,Duct2,Fibroblast,Duct2__Fibroblast,8.48431088296051,8.54630429655354,TRUE,TRUE,TRUE,30,spatially_supported_contact,8.54630429655354
PC1_cellid_000153104-1,PC1_A2,Duct2,Fibroblast,Duct2__Fibroblast,9.21757981020127,17.1201354764302,TRUE,TRUE,TRUE,30,spatially_supported_contact,17.1201354764302
PC1_cellid_000153170-1,PC1_A2,Duct2,Fibroblast,Duct2__Fibroblast,8.52391937025699,21.2040855920219,TRUE,TRUE,TRUE,30,spatially_supported_contact,21.2040855920219
PC1_cellid_000153239-1,PC1_A2,Fibroblast,Duct2,Duct2__Fibroblast,7.81885191761959,18.6008494887676,TRUE,TRUE,TRUE,30,spatially_supported_contact,18.6008494887676
PC1_cellid_000153307-1,PC1_A2,Fibroblast,Duct2,Duct2__Fibroblast,17.4814386842735,22.187861355703,TRUE,TRUE,TRUE,30,spatially_supported_contact,22.187861355703
PC1_cellid_000153322-1,PC1_A2,Fibroblast,Duct2,Duct2__Fibroblast,6.99225307882531,14.99507686795,TRUE,TRUE,TRUE,30,spatially_supported_contact,14.99507686795
PC1_cellid_000153405-1,PC1_A2,Duct2,Fibroblast,Duct2__Fibroblast,9.85334357935804,25.2954172227299,TRUE,TRUE,TRUE,30,spatially_supported_contact,25.2954172227299
PC1_cellid_000153624-1,PC1_A2,Fibroblast,Duct2,Duct2__Fibroblast,7.61467368276374,9.49009403616328,TRUE,TRUE,TRUE,30,spatially_supported_contact,9.49009403616328
PC1_cellid_000153776-1,PC1_A2,Duct2,Fibroblast,Duct2__Fibroblast,18.3880589950536,23.2266852307468,TRUE,TRUE,TRUE,30,spatially_supported_contact,23.2266852307468
PC1_cellid_000153831-1,PC1_A2,Duct2,Fibroblast,Duct2__Fibroblast,8.53677667266183,22.2096087369035,TRUE,TRUE,TRUE,30,spatially_supported_contact,22.2096087369035
PC1_cellid_000153841-1,PC1_A2,Fibroblast,Duct2,Duct2__Fibroblast,6.32527466735986,8.24003630985829,TRUE,TRUE,TRUE,30,spatially_supported_contact,8.24003630985829
PC1_cellid_000154013-1,PC1_A2,Duct2,Fibroblast,Duct2__Fibroblast,11.1628909253843,7.01934975869413,TRUE,TRUE,TRUE,30,spatially_supported_contact,11.1628909253843
PC1_cellid_000154124-1,PC1_A2,Fibroblast,Duct2,Duct2__Fibroblast,8.05639818585818,7.81031909278014,TRUE,TRUE,TRUE,30,spatially_supported_contact,8.05639818585818
PC1_cellid_000154242-1,PC1_A2,Duct2,Fibroblast,Duct2__Fibroblast,8.60738363339532,22.4612213874718,TRUE,TRUE,TRUE,30,spatially_supported_contact,22.4612213874718
PC1_cellid_000154316-1,PC1_A2,Fibroblast,Duct2,Duct2__Fibroblast,9.20602110717746,8.59613966824439,TRUE,TRUE,TRUE,30,spatially_supported_contact,9.20602110717746
PC1_cellid_000154329-1,PC1_A2,Fibroblast,Duct2,Duct2__Fibroblast,15.0367151027229,20.3894404764693,TRUE,TRUE,TRUE,30,spatially_supported_contact,20.3894404764693
PC1_cellid_000154334-1,PC1_A2,Duct2,Fibroblast,Duct2__Fibroblast,8.04938312188042,13.4081941768531,TRUE,TRUE,TRUE,30,spatially_supported_contact,13.4081941768531
PC1_cellid_000154443-1,PC1_A2,Duct2,Fibroblast,Duct2__Fibroblast,12.0301922814286,21.0034096050784,TRUE,TRUE,TRUE,30,spatially_supported_contact,21.0034096050784
PC1_cellid_000154444-1,PC1_A2,Fibroblast,Duct2,Duct2__Fibroblast,12.9937708185174,17.8743176484415,TRUE,TRUE,TRUE,30,spatially_supported_contact,17.8743176484415
PC1_cellid_000154582-1,PC1_A2,Duct2,Fibroblast,Duct2__Fibroblast,11.6438269709763,24.5256953559243,TRUE,TRUE,TRUE,30,spatially_supported_contact,24.5256953559243
PC1_cellid_000154601-1,PC1_A2,Fibroblast,Duct2,Duct2__Fibroblast,11.6389147695086,7.84515036561595,TRUE,TRUE,TRUE,30,spatially_supported_contact,11.6389147695086
PC1_cellid_000154677-1,PC1_A2,Fibroblast,Duct2,Duct2__Fibroblast,8.05926647874772,12.0400462957776,TRUE,TRUE,TRUE,30,spatially_supported_contact,12.0400462957776
PC1_cellid_000154819-1,PC1_A2,Fibroblast,Duct2,Duct2__Fibroblast,11.3810437915875,12.8151522809798,TRUE,TRUE,TRUE,30,spatially_supported_contact,12.8151522809798
PC1_cellid_000154866-1,PC1_A2,Duct2,Fibroblast,Duct2__Fibroblast,6.71743848198137,18.8703995431316,TRUE,TRUE,TRUE,30,spatially_supported_contact,18.8703995431316
PC1_cellid_000155109-1,PC1_A2,Duct2,Fibroblast,Duct2__Fibroblast,10.0022865307302,10.7770807316991,TRUE,TRUE,TRUE,30,spatially_supported_contact,10.7770807316991
PC1_cellid_000155234-1,PC1_A2,Duct2,Fibroblast,Duct2__Fibroblast,6.72377914568083,15.6652323931319,TRUE,TRUE,TRUE,30,spatially_supported_contact,15.6652323931319
PC1_cellid_000155259-1,PC1_A2,Duct2,Fibroblast,Duct2__Fibroblast,9.22859798784671,16.6144904641918,TRUE,TRUE,TRUE,30,spatially_supported_contact,16.6144904641918
PC1_cellid_000155345-1,PC1_A2,Duct2,Fibroblast,Duct2__Fibroblast,11.6734912378569,14.3194732128744,TRUE,TRUE,TRUE,30,spatially_supported_contact,14.3194732128744
PC1_cellid_000155411-1,PC1_A2,Fibroblast,Duct2,Duct2__Fibroblast,6.71741540678699,,TRUE,,FALSE,30,unsupported_mixture,
PC1_cellid_000155554-1,PC1_A2,Fibroblast,Duct2,Duct2__Fibroblast,11.7079817736987,22.0879046125352,TRUE,TRUE,TRUE,30,spatially_supported_contact,22.0879046125352
PC1_cellid_000155555-1,PC1_A2,Duct2,Fibroblast,Duct2__Fibroblast,14.3258450509297,17.8947591503492,TRUE,TRUE,TRUE,30,spatially_supported_contact,17.8947591503492
PC1_cellid_000155608-1,PC1_A2,Duct2,Fibroblast,Duct2__Fibroblast,9.05905622920776,14.9966209755853,TRUE,TRUE,TRUE,30,spatially_supported_contact,14.9966209755853
PC1_cellid_000155724-1,PC1_A2,Duct2,Fibroblast,Duct2__Fibroblast,11.6954332010628,19.9343640216559,TRUE,TRUE,TRUE,30,spatially_supported_contact,19.9343640216559
PC1_cellid_000156288-1,PC1_A2,Fibroblast,Duct2,Duct2__Fibroblast,9.98623956055242,21.4832785670765,TRUE,TRUE,TRUE,30,spatially_supported_contact,21.4832785670765
PC1_cellid_000156375-1,PC1_A2,Duct2,Fibroblast,Duct2__Fibroblast,10.4220501774193,7.06164674893915,TRUE,TRUE,TRUE,30,spatially_supported_contact,10.4220501774193
PC1_cellid_000156993-1,PC1_A2,Fibroblast,Duct2,Duct2__Fibroblast,7.23795903586869,15.8223619943948,TRUE,TRUE,TRUE,30,spatially_supported_contact,15.8223619943948
PC1_cellid_000157082-1,PC1_A2,Duct2,Fibroblast,Duct2__Fibroblast,7.60837712750565,,TRUE,,FALSE,30,unsupported_mixture,
PC1_cellid_000157108-1,PC1_A2,Duct2,Fibroblast,Duct2__Fibroblast,8.06148561416745,9.00478532914177,TRUE,TRUE,TRUE,30,spatially_supported_contact,9.00478532914177
PC1_cellid_000157126-1,PC1_A2,Duct2,Fibroblast,Duct2__Fibroblast,7.05899837655197,14.7834105211279,TRUE,TRUE,TRUE,30,spatially_supported_contact,14.7834105211279
PC1_cellid_000157133-1,PC1_A2,Fibroblast,Duct2,Duct2__Fibroblast,10.5955907515992,9.4869774207189,TRUE,TRUE,TRUE,30,spatially_supported_contact,10.5955907515992
PC1_cellid_000157144-1,PC1_A2,Duct2,Fibroblast,Duct2__Fibroblast,24.9878382287882,13.3290061590739,TRUE,TRUE,TRUE,30,spatially_supported_contact,24.9878382287882
PC1_cellid_000157163-1,PC1_A2,Fibroblast,Duct2,Duct2__Fibroblast,9.03561243543438,17.8298344568759,TRUE,TRUE,TRUE,30,spatially_supported_contact,17.8298344568759
PC1_cellid_000157193-1,PC1_A2,Fibroblast,Duct2,Duct2__Fibroblast,11.6830241050033,8.93205355675893,TRUE,TRUE,TRUE,30,spatially_supported_contact,11.6830241050033
PC1_cellid_000157328-1,PC1_A2,Fibroblast,Duct2,Duct2__Fibroblast,11.0421663870302,30.6074994258381,TRUE,FALSE,FALSE,30,unsupported_mixture,30.6074994258381
PC1_cellid_000157358-1,PC1_A2,Duct2,Fibroblast,Duct2__Fibroblast,12.8001167707504,12.733716254034,TRUE,TRUE,TRUE,30,spatially_supported_contact,12.8001167707504
PC1_cellid_000157497-1,PC1_A2,Fibroblast,Duct2,Duct2__Fibroblast,7.61870142475189,14.2071366551221,TRUE,TRUE,TRUE,30,spatially_supported_contact,14.2071366551221
PC1_cellid_000157654-1,PC1_A2,Duct2,Fibroblast,Duct2__Fibroblast,7.23323374401722,23.3124160858853,TRUE,TRUE,TRUE,30,spatially_supported_contact,23.3124160858853
PC1_cellid_000157679-1,PC1_A2,Duct2,Fibroblast,Duct2__Fibroblast,9.85284741237785,14.219348559634,TRUE,TRUE,TRUE,30,spatially_supported_contact,14.219348559634
PC1_cellid_000157719-1,PC1_A2,Fibroblast,Duct2,Duct2__Fibroblast,10.0462422423409,27.2191866225198,TRUE,TRUE,TRUE,30,spatially_supported_contact,27.2191866225198
PC1_cellid_000157934-1,PC1_A2,Duct2,Fibroblast,Duct2__Fibroblast,13.1306588458085,7.63136285823547,TRUE,TRUE,TRUE,30,spatially_supported_contact,13.1306588458085
PC1_cellid_000157964-1,PC1_A2,Duct2,Fibroblast,Duct2__Fibroblast,9.05681335737959,17.4734076382868,TRUE,TRUE,TRUE,30,spatially_supported_contact,17.4734076382868
PC1_cellid_000158169-1,PC1_A2,Duct2,Fibroblast,Duct2__Fibroblast,12.6541295592465,11.0398845439281,TRUE,TRUE,TRUE,30,spatially_supported_contact,12.6541295592465
PC1_cellid_000158257-1,PC1_A2,Duct2,Fibroblast,Duct2__Fibroblast,8.89588272292607,12.4136287201137,TRUE,TRUE,TRUE,30,spatially_supported_contact,12.4136287201137
PC1_cellid_000158356-1,PC1_A2,Fibroblast,Duct2,Duct2__Fibroblast,10.2068227201279,19.3940511993493,TRUE,TRUE,TRUE,30,spatially_supported_contact,19.3940511993493
PC1_cellid_000158474-1,PC1_A2,Duct2,Fibroblast,Duct2__Fibroblast,11.6688463840483,11.1736033137035,TRUE,TRUE,TRUE,30,spatially_supported_contact,11.6688463840483
PC1_cellid_000158553-1,PC1_A2,Duct2,Fibroblast,Duct2__Fibroblast,12.1573086529414,15.2753304129722,TRUE,TRUE,TRUE,30,spatially_supported_contact,15.2753304129722
PC1_cellid_000158575-1,PC1_A2,Duct2,Fibroblast,Duct2__Fibroblast,9.24837123693901,17.1903468520261,TRUE,TRUE,TRUE,30,spatially_supported_contact,17.1903468520261
PC1_cellid_000158742-1,PC1_A2,Duct2,Fibroblast,Duct2__Fibroblast,9.8342748093304,26.0251062053509,TRUE,TRUE,TRUE,30,spatially_supported_contact,26.0251062053509
PC1_cellid_000158757-1,PC1_A2,Fibroblast,Duct2,Duct2__Fibroblast,10.629099431333,,TRUE,,FALSE,30,unsupported_mixture,
PC1_cellid_000158844-1,PC1_A2,Duct2,Fibroblast,Duct2__Fibroblast,9.98392280566062,13.5759249572134,TRUE,TRUE,TRUE,30,spatially_supported_contact,13.5759249572134
PC1_cellid_000158977-1,PC1_A2,Fibroblast,Duct2,Duct2__Fibroblast,10.6530575270494,19.8721513481381,TRUE,TRUE,TRUE,30,spatially_supported_contact,19.8721513481381
PC1_cellid_000159092-1,PC1_A2,Duct2,Fibroblast,Duct2__Fibroblast,20.574367757138,9.9979655719772,TRUE,TRUE,TRUE,30,spatially_supported_contact,20.574367757138
PC1_cellid_000159214-1,PC1_A2,Fibroblast,Duct2,Duct2__Fibroblast,7.5976388975848,5.85594905963479,TRUE,TRUE,TRUE,30,spatially_supported_contact,7.5976388975848
PC1_cellid_000159342-1,PC1_A2,Duct2,Fibroblast,Duct2__Fibroblast,8.69775500329029,16.2778365128644,TRUE,TRUE,TRUE,30,spatially_supported_contact,16.2778365128644
PC1_cellid_000159386-1,PC1_A2,Fibroblast,Duct2,Duct2__Fibroblast,11.1737002668161,14.0729048120315,TRUE,TRUE,TRUE,30,spatially_supported_contact,14.0729048120315
PC1_cellid_000159494-1,PC1_A2,Duct2,Fibroblast,Duct2__Fibroblast,15.6140704191783,8.00451052240797,TRUE,TRUE,TRUE,30,spatially_supported_contact,15.6140704191783
PC1_cellid_000159620-1,PC1_A2,Fibroblast,Duct2,Duct2__Fibroblast,14.2933444666985,,TRUE,,FALSE,30,unsupported_mixture,
PC1_cellid_000159706-1,PC1_A2,Duct2,Fibroblast,Duct2__Fibroblast,13.4687188579895,8.53909069872226,TRUE,TRUE,TRUE,30,spatially_supported_contact,13.4687188579895
PC1_cellid_000159770-1,PC1_A2,Fibroblast,Duct2,Duct2__Fibroblast,8.93959854674503,15.6358371520167,TRUE,TRUE,TRUE,30,spatially_supported_contact,15.6358371520167
PC1_cellid_000160176-1,PC1_A2,Duct2,Fibroblast,Duct2__Fibroblast,9.22612517945124,10.8277025438429,TRUE,TRUE,TRUE,30,spatially_supported_contact,10.8277025438429
PC1_cellid_000160210-1,PC1_A2,Fibroblast,Duct2,Duct2__Fibroblast,9.05232390692274,17.6853903900514,TRUE,TRUE,TRUE,30,spatially_supported_contact,17.6853903900514
PC1_cellid_000160317-1,PC1_A2,Duct2,Fibroblast,Duct2__Fibroblast,11.689385107164,14.3216361369502,TRUE,TRUE,TRUE,30,spatially_supported_contact,14.3216361369502
PC1_cellid_000160388-1,PC1_A2,Fibroblast,Duct2,Duct2__Fibroblast,8.61225087299,21.9443316720771,TRUE,TRUE,TRUE,30,spatially_supported_contact,21.9443316720771
PC1_cellid_000160416-1,PC1_A2,Fibroblast,Duct2,Duct2__Fibroblast,7.56858775866649,23.7725156718452,TRUE,TRUE,TRUE,30,spatially_supported_contact,23.7725156718452
PC1_cellid_000160461-1,PC1_A2,Fibroblast,Duct2,Duct2__Fibroblast,7.59451924779274,11.6627106060181,TRUE,TRUE,TRUE,30,spatially_supported_contact,11.6627106060181
PC1_cellid_000160643-1,PC1_A2,Duct2,Fibroblast,Duct2__Fibroblast,8.18520490695867,8.49740059977832,TRUE,TRUE,TRUE,30,spatially_supported_contact,8.49740059977832
PC1_cellid_000161135-1,PC1_A2,Duct2,Fibroblast,Duct2__Fibroblast,9.42521693359623,13.6037200867424,TRUE,TRUE,TRUE,30,spatially_supported_contact,13.6037200867424
PC1_cellid_000161224-1,PC1_A2,Duct2,Fibroblast,Duct2__Fibroblast,15.2970323437036,5.82550321651099,TRUE,TRUE,TRUE,30,spatially_supported_contact,15.2970323437036
PC1_cellid_000161241-1,PC1_A2,Duct2,Fibroblast,Duct2__Fibroblast,11.0415655482854,13.9090757892926,TRUE,TRUE,TRUE,30,spatially_supported_contact,13.9090757892926
PC1_cellid_000161278-1,PC1_A2,Duct2,Fibroblast,Duct2__Fibroblast,7.81447496273023,16.2677555502906,TRUE,TRUE,TRUE,30,spatially_supported_contact,16.2677555502906
PC1_cellid_000161346-1,PC1_A2,Duct2,Fibroblast,Duct2__Fibroblast,10.0759929070082,13.8586383186951,TRUE,TRUE,TRUE,30,spatially_supported_contact,13.8586383186951
PC1_cellid_000161383-1,PC1_A2,Fibroblast,Duct2,Duct2__Fibroblast,13.0918505223714,20.2329826202321,TRUE,TRUE,TRUE,30,spatially_supported_contact,20.2329826202321
PC1_cellid_000161386-1,PC1_A2,Fibroblast,Duct2,Duct2__Fibroblast,10.2792426149572,11.4104022363076,TRUE,TRUE,TRUE,30,spatially_supported_contact,11.4104022363076
PC1_cellid_000161413-1,PC1_A2,Fibroblast,Duct2,Duct2__Fibroblast,16.4980805766116,18.3630500743335,TRUE,TRUE,TRUE,30,spatially_supported_contact,18.3630500743335
PC1_cellid_000161457-1,PC1_A2,Duct2,Fibroblast,Duct2__Fibroblast,7.27590432444999,19.1988109520526,TRUE,TRUE,TRUE,30,spatially_supported_contact,19.1988109520526
PC1_cellid_000161880-1,PC1_A2,Fibroblast,Duct2,Duct2__Fibroblast,7.99778286991659,26.1397641592135,TRUE,TRUE,TRUE,30,spatially_supported_contact,26.1397641592135
PC1_cellid_000161900-1,PC1_A2,Duct2,Fibroblast,Duct2__Fibroblast,17.0204917461671,9.90759133942032,TRUE,TRUE,TRUE,30,spatially_supported_contact,17.0204917461671
PC1_cellid_000162138-1,PC1_A2,Duct2,Fibroblast,Duct2__Fibroblast,18.0189782537054,12.0321567341391,TRUE,TRUE,TRUE,30,spatially_supported_contact,18.0189782537054
PC1_cellid_000162314-1,PC1_A2,Fibroblast,Duct2,Duct2__Fibroblast,16.400167128941,8.09687894459702,TRUE,TRUE,TRUE,30,spatially_supported_contact,16.400167128941
PC1_cellid_000162578-1,PC1_A2,Duct2,Fibroblast,Duct2__Fibroblast,5.84602045313104,22.0166497485448,TRUE,TRUE,TRUE,30,spatially_supported_contact,22.0166497485448
PC1_cellid_000162581-1,PC1_A2,Duct2,Fibroblast,Duct2__Fibroblast,9.00343592859508,10.9874171999769,TRUE,TRUE,TRUE,30,spatially_supported_contact,10.9874171999769
PC1_cellid_000162746-1,PC1_A2,Duct2,Fibroblast,Duct2__Fibroblast,6.40318723785832,21.2103879299166,TRUE,TRUE,TRUE,30,spatially_supported_contact,21.2103879299166
PC1_cellid_000162786-1,PC1_A2,Fibroblast,Duct2,Duct2__Fibroblast,5.00765869070756,7.06367998736006,TRUE,TRUE,TRUE,30,spatially_supported_contact,7.06367998736006
