CellID,KRT19,COL1A1,Duct2_program,Fibroblast_program,program_overlap
PC1_cellid_000152206-1,0,0,-0.367460388812933,-0.730609930882624,0
PC1_cellid_000152252-1,0,5.91106262359492,-0.367460388812933,0.246136244298119,0
PC1_cellid_000152253-1,2.54668400948424,3.59165567984917,0.743129048495401,-0.637406109439018,0.132650636025799
PC1_cellid_000152270-1,2.97136368253703,2.97136368253703,1.33106024338355,-0.816185676362204,0.0641616244184666
PC1_cellid_000152277-1,0,5.6478662737766,-0.367460388812933,0.139906710588552,0
PC1_cellid_000152283-1,3.61013985386154,0,0.695991553056929,-0.983669293915148,0
PC1_cellid_000152292-1,0,6.17506925313548,-0.367460388812933,1.00656807515243,0
PC1_cellid_000152293-1,0,0,0.329904672587269,-0.983669293915148,0
PC1_cellid_000152340-1,0,0,-0.367460388812933,0.326111601249728,0
PC1_cellid_000152348-1,2.96610809164301,2.96610809164301,0.993981526239148,-0.816481912524907,0.0640481387313994
PC1_cellid_000152361-1,0,5.20849211697428,-0.367460388812933,0.458497159511521,0
PC1_cellid_000152362-1,3.92693612562344,0,0.65587957676477,-0.338682947344336,0.247089072521577
PC1_cellid_000152369-1,0,5.28360177830041,-0.367460388812933,0.267182002720516,0
PC1_cellid_000152370-1,3.04452243772342,0,1.07856807475622,-0.757273246596301,0.0867305015865532
PC1_cellid_000152389-1,0,5.30790801407171,0.0225769333173205,0.287519480314375,0.162067246332641
PC1_cellid_000152407-1,0,6.26779959009282,-0.367460388812933,0.909582569727231,0
PC1_cellid_000152414-1,0,6.46676395228646,0.058310204496523,1.17787588400007,0.176915037899974
PC1_cellid_000152419-1,0,5.94033274452507,-0.367460388812933,0.788069926759643,0
PC1_cellid_000152420-1,0,5.55067114056188,-0.367460388812933,0.119073047165493,0
PC1_cellid_000152428-1,4.08563225612294,7.06526372372322,0.237067881227551,0.109476406526987,0.251191941121413
PC1_cellid_000152437-1,0,4.44304663061823,-0.367460388812933,-0.042615360251248,0
PC1_cellid_000152456-1,0,5.79332698530792,-0.367460388812933,0.217734892722374,0
PC1_cellid_000152531-1,2.39789527279837,3.71357206670431,1.30942506058932,-0.210818583067324,0.296072880234318
PC1_cellid_000152537-1,0,0,-0.367460388812933,-0.783977843956455,0
PC1_cellid_000152542-1,0,4.96410324197878,0.0694744695411763,0.128488448868641,0.181553982919985
PC1_cellid_000152554-1,0,0,1.29168118701858,-0.983669293915148,0
PC1_cellid_000152556-1,0,0,1.01247655671386,-0.730365580122884,0.0970386118093276
PC1_cellid_000152576-1,0,6.48728470729111,-0.367460388812933,0.74399922240133,0
PC1_cellid_000152578-1,0,3.00903454157339,-0.0208692428618441,-0.543994665625269,0.14401460947578
PC1_cellid_000152594-1,0,2.50128907920595,1.01615718360343,-0.701429155792188,0.108123922820911
PC1_cellid_000152597-1,3.30746490399945,3.30746490399945,0.538733354646336,-0.64757494136134,0.128755038449706
PC1_cellid_000152644-1,0,5.68963142078704,-0.367460388812933,0.854758263299073,0
PC1_cellid_000152672-1,0,5.47686195831128,0.118189736121539,0.551336000722285,0.201796017876844
PC1_cellid_000152674-1,0,5.71712737745913,-0.367460388812933,0.1933573951178,0
PC1_cellid_000152690-1,0,5.69719315593521,-0.367460388812933,-0.0188246536418849,0
PC1_cellid_000152692-1,0,4.5668252796802,-0.367460388812933,0.212897891165738,0
PC1_cellid_000152699-1,0,0,0.599287086414509,-0.758379512057769,0.0863067002017795
PC1_cellid_000152708-1,0,3.39791647550574,-0.367460388812933,-0.59585339044675,0
PC1_cellid_000152719-1,0,0,-0.367460388812933,-0.983669293915148,0
PC1_cellid_000152736-1,0,3.27019443539099,-0.367460388812933,-0.576607393395503,0
PC1_cellid_000152740-1,3.34497198378333,2.68647856817735,0.548558721858764,-0.677052247682097,0.11746251990578
PC1_cellid_000152777-1,0,6.25290245671534,-0.367460388812933,1.21011441118375,0
PC1_cellid_000152829-1,0,6.29766045576692,-0.0158264577686593,1.33252192480065,0.146109973810239
PC1_cellid_000152890-1,0,3.60804228161876,1.36518746265426,0.0817339460593223,0.408147396958694
PC1_cellid_000152941-1,3.52539043561527,0,0.50721685964114,-0.983669293915148,0
PC1_cellid_000152982-1,0,4.29322501158113,-0.367460388812933,-0.515220321836844,0
PC1_cellid_000152996-1,3.63018266988631,0,0.594428082712758,-0.983669293915148,0
PC1_cellid_000153035-1,0,3.68474470421255,0.172757003644848,-0.605633775698925,0.144822361082344
PC1_cellid_000153040-1,0,6.0810948462227,-0.367460388812933,1.28118388221459,0
PC1_cellid_000153092-1,0,0,0.455123175795718,-0.774613694949051,0.0800875155398418
PC1_cellid_000153102-1,0,0,0.027937785392929,-0.582622889170458,0.153637646305741
PC1_cellid_000153104-1,2.6237786154663,3.67283064199459,0.316283230166488,0.0765372469597469,0.284107287272635
PC1_cellid_000153132-1,0,3.25569580704656,0.552422580287765,-0.612085524882062,0.142350747953975
PC1_cellid_000153150-1,0,5.79975336643285,-0.367460388812933,-0.0415831069558741,0
PC1_cellid_000153170-1,3.52539043561527,3.13453819291178,0.706123662380604,-0.19792181658393,0.301013527560965
PC1_cellid_000153180-1,0,6.12799592872625,-0.367460388812933,0.688517731659624,0
PC1_cellid_000153186-1,0,6.74766144161378,-0.367460388812933,1.07430808819115,0
PC1_cellid_000153218-1,0,5.28360177830041,-0.367460388812933,0.688739472284139,0
PC1_cellid_000153220-1,0,4.94430189948966,-0.367460388812933,0.566398369208345,0
PC1_cellid_000153227-1,0,5.81213849929383,-0.367460388812933,0.377426336676782,0
PC1_cellid_000153239-1,0,3.99513791213865,-0.367460388812933,0.0406254284078689,0
PC1_cellid_000153244-1,0,0,0.0566729942162201,-0.983669293915148,0
PC1_cellid_000153247-1,2.96436300988635,0,0.0711599102736897,-0.983669293915148,0
PC1_cellid_000153260-1,3.55573671287402,0,0.158662186348293,-0.983669293915148,0
PC1_cellid_000153277-1,2.88594384543757,3.55079334870205,0.53408032803311,-0.62055068315096,0.139107814027496
PC1_cellid_000153284-1,2.59692199152242,0,0.309284527935777,-0.761976315100572,0.0849287939366097
PC1_cellid_000153307-1,0,5.54907608489522,-0.367460388812933,0.343150768945932,0
PC1_cellid_000153322-1,0,4.55511451552089,0.627812045440637,-0.284532158020992,0.267833803602093
PC1_cellid_000153324-1,0,6.07233531421252,0.162058656374921,0.886146537005777,0.22002431220063
PC1_cellid_000153331-1,3.32970073715984,0,2.03917840438102,-0.983669293915148,0
PC1_cellid_000153332-1,0,0,-0.367460388812933,-0.45999935301806,0
PC1_cellid_000153348-1,2.67508018186464,3.3331692955853,0.0283563399537478,-0.607561562028414,0.144083841672273
PC1_cellid_000153359-1,0,6.17986697546041,-0.367460388812933,0.326811777810755,0
PC1_cellid_000153364-1,0,0,0.125804220217417,-0.983669293915148,0
PC1_cellid_000153366-1,0,0,-0.367460388812933,-0.787853821188061,0
PC1_cellid_000153371-1,0,5.10554797811874,-0.367460388812933,0.0534907834310385,0
PC1_cellid_000153405-1,2.32567743477466,3.35692607791887,1.17239445043344,-0.119435302709143,0.331081078636861
PC1_cellid_000153436-1,0,6.7828857956767,0.534116633360937,1.62667012736577,0.374620829982279
PC1_cellid_000153444-1,0,2.91848047211265,0.0362355725059641,-0.654354166604981,0.126157971881131
PC1_cellid_000153460-1,0,0,0.877462423543502,-0.845994579072601,0.0527420739694415
PC1_cellid_000153492-1,0,0,-0.367460388812933,-0.983669293915148,0
PC1_cellid_000153494-1,0,6.66328965050285,-0.367460388812933,0.792691815281193,0
PC1_cellid_000153516-1,0,5.30330490805908,-0.367460388812933,0.821429725579749,0
PC1_cellid_000153597-1,0,5.66922092681692,0.633723371471812,0.63446180613878,0.41600915065282
PC1_cellid_000153604-1,4.09720044086806,0,0.238779561151999,-0.983669293915148,0
PC1_cellid_000153618-1,2.15768756831102,2.15768756831102,0.718757805294306,-0.740200419258075,0.0932709641789036
PC1_cellid_000153624-1,0,0,0.217880254645285,-0.464816329437602,0.198768390136383
PC1_cellid_000153648-1,0,4.54507725509712,-0.367460388812933,0.574339177174188,0
PC1_cellid_000153655-1,0,6.86001456394828,-0.367460388812933,0.668673759577515,0
PC1_cellid_000153680-1,0,5.58312278885007,0.0300879621073389,0.183978823658861,0.165188208568959
PC1_cellid_000153748-1,0,5.82759666897228,-0.367460388812933,1.0632481133599,0
PC1_cellid_000153752-1,0,2.85918883045948,0.0293663869078025,-0.657340230954188,0.125014034688572
PC1_cellid_000153757-1,0,3.73727922202621,0.0740565786065748,0.00484886309706371,0.18345792840543
PC1_cellid_000153768-1,2.07125975698358,0,0.794998953095055,-0.864017729077434,0.0458375504205501
PC1_cellid_000153776-1,2.64175437844846,0,0.320967624331029,-0.349756632491413,0.242846832965756
PC1_cellid_000153787-1,0,3.31127556472947,0.441868165980307,-0.643714164899634,0.130234070804744
PC1_cellid_000153806-1,0,0,0.271582805415059,-0.800362621448721,0.070223309264692
PC1_cellid_000153824-1,0,6.751418794939,-0.367460388812933,1.03803976691542,0
PC1_cellid_000153831-1,0,3.17317926872446,0.00214860947179701,-0.442031103902379,0.153578924818296
PC1_cellid_000153841-1,0,4.74176506316655,0.0895160189884263,-0.15196558103583,0.189881592989235
PC1_cellid_000153850-1,2.92513191271328,0,0.469820943829444,-0.983669293915148,0
PC1_cellid_000153860-1,0,0,0.203691830401284,-0.983669293915148,0
PC1_cellid_000153861-1,0,6.24614835226695,-0.367460388812933,1.11729656752262,0
PC1_cellid_000153867-1,0,0,0.453789666700339,-0.983669293915148,0
PC1_cellid_000153868-1,0,6.7691426758635,-0.367460388812933,0.405888919182043,0
PC1_cellid_000153879-1,0,0,0.0679114601400619,-0.983669293915148,0
PC1_cellid_000153905-1,0,6.18710717729009,-0.367460388812933,0.679683778520081,0
PC1_cellid_000153909-1,0,6.24614835226695,-0.367460388812933,0.68931739442078,0
PC1_cellid_000153925-1,0,0,0.257753564883482,-0.680070032665127,0.116306430793985
PC1_cellid_000153969-1,2.59233548235771,0,0.396173241541485,-0.57921850819052,0.15494183722903
PC1_cellid_000153988-1,0,3.51689642693579,0.148148905673957,-0.785436226854402,0.0759414907673083
PC1_cellid_000154013-1,0,3.48570915341432,0.0463783530560498,-0.102110749109235,0.171957147470294
PC1_cellid_000154018-1,0,0,0.455993071441127,-0.983669293915148,0
PC1_cellid_000154063-1,0,5.83131288765743,-0.367460388812933,1.01083357631189,0
PC1_cellid_000154073-1,0,6.4393503711001,-0.367460388812933,0.35070051535739,0
PC1_cellid_000154090-1,0,6.45507376769283,-0.367460388812933,0.0346035261283568,0
PC1_cellid_000154093-1,0,6.50378904699771,-0.367460388812933,1.1363102918931,0
PC1_cellid_000154100-1,2.47099670234069,0,0.349676464625099,-0.983669293915148,0
PC1_cellid_000154117-1,0,0,0.391717061623541,-0.818292495575568,0.0633545189531051
PC1_cellid_000154121-1,0,6.01702684274659,-0.367460388812933,0.305778412852011,0
PC1_cellid_000154124-1,0,5.18860194750529,0.131579878537633,0.355888748212867,0.207359853402956
PC1_cellid_000154140-1,0,3.52806058574208,0.591455295403669,-0.784806948885232,0.0761825620870148
PC1_cellid_000154148-1,0,2.78914930889747,0.25229864983252,-0.668947619905887,0.120567337505413
PC1_cellid_000154199-1,0,5.76123998906026,-0.367460388812933,0.388410823717723,0
PC1_cellid_000154242-1,0,3.33839648042313,0.529937995965884,-0.352888519462958,0.241647032301516
PC1_cellid_000154316-1,0,4.39973091520985,0.0236288697927466,0.499169800322323,0.16250434411333
PC1_cellid_000154329-1,0,4.77297681667774,-0.00735184517813528,0.0458093308199086,0.149631321764278
PC1_cellid_000154334-1,0,4.42250289042103,-0.367460388812933,0.0165488795475874,0
PC1_cellid_000154344-1,0,6.2204519934176,-0.367460388812933,1.1528705218039,0
PC1_cellid_000154377-1,0,5.6922714849005,-0.367460388812933,0.56286625943505,0
PC1_cellid_000154379-1,0,0,-0.367460388812933,-0.983669293915148,0
PC1_cellid_000154396-1,0,6.27438779775131,0.106494444752861,0.785794196962419,0.196936422244232
PC1_cellid_000154435-1,0,6.26982209437067,-0.367460388812933,0.395773329915538,0
PC1_cellid_000154443-1,0,4.34364751257224,0.659632002865954,0.13921708677906,0.426774634641283
PC1_cellid_000154444-1,2.6321208856186,4.51439808062675,0.31845718415438,0.235404030588595,0.285010602715749
PC1_cellid_000154461-1,0,6.07714351509572,-0.367460388812933,0.716742300688719,0
PC1_cellid_000154519-1,0,0,-0.367460388812933,-0.983669293915148,0
PC1_cellid_000154523-1,0,0,-0.367460388812933,-0.776747753161572,0
PC1_cellid_000154537-1,0,6.04991486112815,-0.367460388812933,0.546867962506142,0
PC1_cellid_000154555-1,0,0,1.16096609052085,-0.210843494895395,0.296063336713706
PC1_cellid_000154578-1,3.06280008569134,0,0.357767283153136,-0.983669293915148,0
PC1_cellid_000154582-1,0,4.55978202983995,-0.367460388812933,-0.469153190753985,0
PC1_cellid_000154595-1,0,5.86019983699694,-0.367460388812933,0.951166147204358,0
PC1_cellid_000154601-1,0,5.34122715301289,-0.0293910763610296,0.771972931125072,0.140473640418318
PC1_cellid_000154646-1,0,5.79203375616931,0.883302519006424,0.513255294978671,0.519713598632479
PC1_cellid_000154648-1,0,3.81215377636766,-0.367460388812933,-0.409982781430271,0
PC1_cellid_000154677-1,0,4.37102888046434,0.542963764486317,0.061292505628364,0.378296965823852
PC1_cellid_000154682-1,3.3305666659823,5.49547663584646,0.125345027490349,0.930911495002315,0.20476916506829
PC1_cellid_000154694-1,0,6.65311273802786,-0.367460388812933,1.57116113860224,0
PC1_cellid_000154705-1,0,0,0.0288284054659672,-0.983669293915148,0
PC1_cellid_000154716-1,0,5.53546343355418,0.654379732668154,0.406933257592445,0.424592225626413
PC1_cellid_000154734-1,0,6.09907253530629,-0.367460388812933,0.352978054986786,0
PC1_cellid_000154800-1,2.5809750428345,2.5809750428345,0.305128832655968,-0.689093728187837,0.112849525745874
PC1_cellid_000154819-1,0,3.62602142144403,0.474778740171486,-0.0499928903695637,0.349964910133708
PC1_cellid_000154821-1,0,5.80196500584822,-0.367460388812933,0.920543211541065,0
PC1_cellid_000154850-1,3.43350345834568,3.43350345834568,0.7565510981169,-0.191254763082388,0.303567622038943
PC1_cellid_000154855-1,0,0,0.51372519176833,-0.983669293915148,0
PC1_cellid_000154857-1,4.28967071982189,6.47463426919841,0.26725831730921,1.14510281350117,0.263736588937711
PC1_cellid_000154862-1,3.95665312444481,0,0.21798355683006,-0.798302767898468,0.071012422562932
PC1_cellid_000154866-1,0,2.45430120071192,0.0360900832413134,-0.131974742410493,0.167682193603585
PC1_cellid_000154871-1,0,0,0.0576054895821742,-0.726281227832435,0.0986032942629394
PC1_cellid_000154878-1,0,6.21434048892182,-0.367460388812933,0.693119921763697,0
PC1_cellid_000154887-1,0,5.34392787780009,-0.367460388812933,0.24925329508645,0
PC1_cellid_000154888-1,0,5.80740213941913,-0.367460388812933,0.408395903093451,0
PC1_cellid_000154913-1,0,6.42080393715529,-0.367460388812933,0.395965545885736,0
PC1_cellid_000154926-1,0,6.72070540151439,-0.367460388812933,0.358787576692329,0
PC1_cellid_000154927-1,0,6.69555097890402,-0.367460388812933,1.45161985097737,0
PC1_cellid_000154948-1,0,0,-0.367460388812933,-0.467987838489211,0
PC1_cellid_000154951-1,0,6.10463110833983,-0.367460388812933,0.601187972549072,0
PC1_cellid_000154986-1,0,0,-0.367460388812933,-0.983669293915148,0
PC1_cellid_000155100-1,0,4.63765470686922,-0.367460388812933,0.314929951029492,0
PC1_cellid_000155109-1,0,3.7554546524254,0.907421981939342,0.0268882491012656,0.387136452362399
PC1_cellid_000155119-1,0,5.71890563623042,0.44343132196748,0.473405282781151,0.336939516255467
PC1_cellid_000155152-1,0,0,0.153843248071105,-0.983669293915148,0
PC1_cellid_000155164-1,0,0,0.0501413561808886,-0.983669293915148,0
PC1_cellid_000155182-1,0,3.40633479421186,-0.367460388812933,-0.791668133880792,0
PC1_cellid_000155184-1,3.04642919776342,3.04642919776342,0.0833027874285772,-0.426146838289845,0.187299887925135
PC1_cellid_000155196-1,2.52844697628231,2.52844697628231,0.291440280538545,-0.661520245781216,0.123412704687979
PC1_cellid_000155201-1,0,5.6212315271375,-0.367460388812933,0.28646062338355,0
PC1_cellid_000155234-1,2.97488449060745,3.64217354759646,0.0727167152281882,-0.534295335848663,0.172151542593634
PC1_cellid_000155243-1,0,6.27365361944369,-0.367460388812933,0.584379479725204,0
PC1_cellid_000155259-1,0,3.67814216952803,1.19146994717079,-0.234166850224902,0.287128347210286
PC1_cellid_000155345-1,0,4.01363738262826,0.594349535768569,-0.363557702465712,0.237559754257989
PC1_cellid_000155372-1,0,6.1015391813527,-0.367460388812933,0.33445753294129,0
PC1_cellid_000155381-1,0,2.30186540962365,0.701856842909884,-0.650050872919737,0.127806529019012
PC1_cellid_000155411-1,3.5491512949519,5.7204889873114,0.946322000453467,-0.116373467757801,0.332254042936591
PC1_cellid_000155417-1,0,2.47696901402381,0.461913509586363,-0.844052681693165,0.0534859992090498
PC1_cellid_000155440-1,0,0,-0.0183640213122044,-0.808635500661761,0.0670540358952616
PC1_cellid_000155442-1,0,4.37102888046434,0.351249591674573,-0.431071299479341,0.2116958392195
PC1_cellid_000155443-1,0,6.39290642133829,-0.367460388812933,1.46362115274083,0
PC1_cellid_000155444-1,0,4.40238255605998,-0.367460388812933,-0.408156079728686,0
PC1_cellid_000155450-1,0,3.14086644680827,-0.367460388812933,-0.806631498826746,0
PC1_cellid_000155478-1,0,5.53798191930173,-0.367460388812933,-0.0792324132388099,0
PC1_cellid_000155495-1,0,4.53438176007387,-0.367460388812933,0.69205002552362,0
PC1_cellid_000155508-1,2.43128116281213,0,0.845469781440667,-0.983669293915148,0
PC1_cellid_000155510-1,3.45552288407289,0,0.911663754826461,-0.983669293915148,0
PC1_cellid_000155519-1,0,6.54373564446014,-0.367460388812933,0.40224674707569,0
PC1_cellid_000155525-1,0,6.76394484107844,-0.367460388812933,1.09544049622962,0
PC1_cellid_000155530-1,0,0,0.118815186348601,-0.983669293915148,0
PC1_cellid_000155554-1,0,4.92376042656012,-0.367460388812933,0.218561861781467,0
PC1_cellid_000155555-1,0,3.91401774129664,-0.0459508314701397,-0.13645561054964,0.133592776054318
PC1_cellid_000155569-1,3.57240395426338,0,0.161128345310191,-0.983669293915148,0
PC1_cellid_000155573-1,0,0,-0.367460388812933,-0.983669293915148,0
PC1_cellid_000155578-1,0,6.83514345480022,-0.367460388812933,1.42362354162655,0
PC1_cellid_000155583-1,0,6.13865048432057,-0.367460388812933,0.872217911676087,0
PC1_cellid_000155585-1,2.96785655597551,2.96785655597551,0.405948225097068,-0.816383358741912,0.0640858938915873
PC1_cellid_000155588-1,0,2.95052264812006,1.61327560957476,-0.817360400229974,0.0637115971698288
PC1_cellid_000155607-1,0,0,-0.367460388812933,-0.597215242542343,0
PC1_cellid_000155608-1,0,4.42114855474918,0.123136829283829,-0.168467432622018,0.20385162056067
PC1_cellid_000155632-1,3.9925238732694,0,0.879765138607709,-0.983669293915148,0
PC1_cellid_000155664-1,0,3.41198937790146,0.407714304430834,-0.791349408126131,0.0736761986663955
PC1_cellid_000155667-1,0,6.48619407201998,-0.367460388812933,0.847033826996875,0
PC1_cellid_000155668-1,0,5.38412682846848,0.952259332306735,0.740640439798824,0.548366345980907
PC1_cellid_000155670-1,0,5.89287489933662,-0.367460388812933,1.34755084751957,0
PC1_cellid_000155681-1,0,6.26779959009282,-0.367460388812933,0.80248222814875,0
PC1_cellid_000155708-1,0,0,-0.367460388812933,-0.439196157545744,0
PC1_cellid_000155724-1,2.64783013436272,4.6633152811685,0.322550936014554,-0.270064486616809,0.27337625194664
PC1_cellid_000155786-1,3.02567173815263,0,0.541048054699492,-0.983669293915148,0
PC1_cellid_000155792-1,0,5.39062582457041,-0.367460388812933,0.711649758315365,0
PC1_cellid_000155809-1,0,5.31330549143116,-0.367460388812933,0.515354558198378,0
PC1_cellid_000155824-1,2.1091374238726,0,0.403736781927833,-0.983669293915148,0
PC1_cellid_000155860-1,0,5.32631360188501,0.132353436463372,0.759706069100792,0.207681280086481
PC1_cellid_000155871-1,0,5.71110499702157,-0.367460388812933,0.314453876271126,0
PC1_cellid_000155895-1,0,0,0.50985870618949,-0.788023457424975,0.0749503435818194
PC1_cellid_000155901-1,0,0,-0.367460388812933,-0.255392751539796,0
PC1_cellid_000155908-1,0,6.07404986385835,0.402358981616971,1.26917881549328,0.319873249200078
PC1_cellid_000155913-1,0,5.55579261756083,-0.367460388812933,0.767449502865326,0
PC1_cellid_000155943-1,0,0,0.641110951862491,-0.983669293915148,0
PC1_cellid_000155979-1,0,5.27389534841165,-0.367460388812933,0.208837827983669,0
PC1_cellid_000155981-1,0,0,0.205760184620917,-0.67348032881271,0.118830893244613
PC1_cellid_000155987-1,0,5.72579460656822,-0.367460388812933,-0.0787178065948532,0
PC1_cellid_000156001-1,0,0,-0.367460388812933,-0.983669293915148,0
PC1_cellid_000156015-1,2.83472050334679,0,0.518078655436194,-0.786126960320519,0.075676876341887
PC1_cellid_000156029-1,0,5.69966316654327,-0.367460388812933,1.11851244585835,0
PC1_cellid_000156102-1,0,0,-0.367460388812933,-0.983669293915148,0
PC1_cellid_000156162-1,0,0,0.401472744253167,-0.756099624615449,0.0871801067111911
PC1_cellid_000156167-1,0,5.52545293913178,-0.367460388812933,0.423546923338444,0
PC1_cellid_000156188-1,0,6.2390346002202,-0.367460388812933,0.761619463940012,0
PC1_cellid_000156201-1,3.58937033022457,3.58937033022457,0.16363876555012,-0.781351169352917,0.0775064433815857
PC1_cellid_000156239-1,0,6.35306206863252,-0.367460388812933,0.754027065838432,0
PC1_cellid_000156255-1,0,6.56621862692742,0.263770023924403,0.883619171417382,0.262287142766282
PC1_cellid_000156288-1,2.78343635018663,5.6136430209264,1.22935578385954,0.804458587491413,0.663504709218649
PC1_cellid_000156319-1,0,6.26779959009282,-0.367460388812933,0.446954593981647,0
PC1_cellid_000156375-1,0,3.55573671287402,0.0330242862973714,-0.0669217437106264,0.166408302003145
PC1_cellid_000156391-1,0,0,-0.367460388812933,-0.983669293915148,0
PC1_cellid_000156392-1,0,6.56110403406623,-0.367460388812933,1.24706324107083,0
PC1_cellid_000156396-1,0,6.39574661952296,-0.367460388812933,0.920282358008427,0
PC1_cellid_000156398-1,0,0,-0.0481841848968812,-0.983669293915148,0
PC1_cellid_000156428-1,0,0,0.520884559350502,-0.822380101377738,0.0617885901053679
PC1_cellid_000156431-1,0,6.40527283000108,-0.367460388812933,1.5514282864863,0
PC1_cellid_000156479-1,3.03128597709759,0,0.579483792751197,-0.983669293915148,0
PC1_cellid_000156481-1,0,6.08961517158857,-0.367460388812933,0.446879565878376,0
PC1_cellid_000156526-1,0,6.44561000003829,-0.367460388812933,1.09615859449048,0
PC1_cellid_000156639-1,0,0,-0.367460388812933,-0.75392857897182,0
PC1_cellid_000156641-1,0,4.68168549500184,-0.367460388812933,-0.449332413333408,0
PC1_cellid_000156649-1,0,5.77303742006089,-0.367460388812933,-0.181206776446011,0
PC1_cellid_000156652-1,0,3.59280042758595,-0.367460388812933,-0.578265337467219,0
PC1_cellid_000156709-1,0,0,-0.367460388812933,-0.983669293915148,0
PC1_cellid_000156712-1,0,6.54494187987776,-0.367460388812933,1.44496105569763,0
PC1_cellid_000156741-1,0,5.84743638521372,-0.367460388812933,0.775045524192946,0
PC1_cellid_000156783-1,0,5.76349787528867,-0.367460388812933,0.317474647634619,0
PC1_cellid_000156806-1,0,5.56167828518787,0.637165811121937,0.172529539618173,0.417439543805237
PC1_cellid_000156812-1,0,0,0.342953080668952,-0.983669293915148,0
PC1_cellid_000156813-1,0,0,0.0293663869078025,-0.721673497628359,0.100368478578248
PC1_cellid_000156818-1,4.86778255863202,0,0.352798309138396,-0.983669293915148,0
PC1_cellid_000156836-1,0,6.83773246552229,-0.367460388812933,0.86946761244939,0
PC1_cellid_000156859-1,2.73496615500187,3.78935051422824,1.42830294484443,-0.612086858724671,0.142350236969619
PC1_cellid_000156873-1,0,5.96373280611635,-0.367460388812933,1.48415823250008,0
PC1_cellid_000156887-1,0,6.04396388962795,-0.367460388812933,0.988821762018784,0
PC1_cellid_000156897-1,0,5.60311563116958,0.22019545258578,0.33642814740712,0.24418115550228
PC1_cellid_000156913-1,0,0,0.0431682294688741,-0.702115939526488,0.107860821505925
PC1_cellid_000156919-1,0,5.89890059297168,-0.367460388812933,0.146952271668533,0
PC1_cellid_000156925-1,0,5.02453097437985,-0.367460388812933,0.620751858593395,0
PC1_cellid_000156931-1,3.51584003829615,3.12512699353343,1.00692228694587,-0.807518667431609,0.0674818857070704
PC1_cellid_000156940-1,0,4.06853542616818,-0.367460388812933,-0.149277765595259,0
PC1_cellid_000156941-1,0,6.03468366622796,-0.367460388812933,0.400209895167702,0
PC1_cellid_000156946-1,0,6.37266323384468,-0.367460388812933,1.074741335458,0
PC1_cellid_000156947-1,0,3.38680864421006,0.56765580455208,-0.792768743092113,0.0731324628769381
PC1_cellid_000156979-1,0,4.06853542616818,-0.367460388812933,0.295725131496384,0
PC1_cellid_000156993-1,0,4.51855452537392,-0.367460388812933,0.00498128880599781,0
PC1_cellid_000156999-1,0,7.23950571635656,-0.367460388812933,0.902834488253324,0
PC1_cellid_000157009-1,0,6.26405436976031,-0.367460388812933,-0.0975495348734049,0
PC1_cellid_000157018-1,0,6.03713178690321,-0.367460388812933,0.687980204580595,0
PC1_cellid_000157042-1,2.90532370541378,3.29237665493943,0.837097378441172,-0.453064577694237,0.203270391541855
PC1_cellid_000157054-1,0,6.25908254504576,-0.367460388812933,1.60291933933432,0
PC1_cellid_000157059-1,0,0,0.18226635448432,-0.551314572839633,0.165631610031524
PC1_cellid_000157076-1,0,5.20173436802419,-0.367460388812933,0.395682968294154,0
PC1_cellid_000157082-1,0,0,0.314269953221934,-0.835163327053443,0.0568914393473135
PC1_cellid_000157091-1,0,5.96771061719377,-0.367460388812933,0.623141205003031,0
PC1_cellid_000157104-1,0,6.2643036135435,-0.367460388812933,0.691717585329222,0
PC1_cellid_000157108-1,0,4.67377040745382,1.03703414519619,-0.181529167849257,0.307293419210699
PC1_cellid_000157115-1,0,5.23599445766374,-0.367460388812933,0.72917689117489,0
PC1_cellid_000157125-1,0,6.29441793074952,-0.367460388812933,0.968513356054502,0
PC1_cellid_000157126-1,0,4.6427334060289,0.654265761755326,-0.4702116703065,0.196701478521398
PC1_cellid_000157133-1,0,5.04498290451345,-0.367460388812933,0.0858853330531147,0
PC1_cellid_000157141-1,3.44371490765316,0,0.64696715528143,-0.727588591889299,0.0981024536265815
PC1_cellid_000157144-1,0,4.65554639331316,0.246959345728166,0.190709353201516,0.255302015524181
PC1_cellid_000157146-1,0,6.01819426771044,-0.367460388812933,0.318909235975533,0
PC1_cellid_000157163-1,3.32022831912849,5.58974242527865,0.123815319835127,0.21456625944892,0.204133545107559
PC1_cellid_000157193-1,0,4.78494151051734,0.557464146848871,0.546730814419992,0.384322125230225
PC1_cellid_000157221-1,0,0,-0.367460388812933,-0.781738376742543,0
PC1_cellid_000157227-1,0,5.58853556655487,-0.367460388812933,0.800533564990223,0
PC1_cellid_000157228-1,0,6.4129599017975,-0.367460388812933,0.789655375842667,0
PC1_cellid_000157238-1,0,5.30330490805908,-0.367460388812933,0.280580673187534,0
PC1_cellid_000157271-1,0,4.68966492180222,-0.367460388812933,0.761015253315759,0
PC1_cellid_000157287-1,0,6.21107700958101,-0.367460388812933,1.16846347831324,0
PC1_cellid_000157307-1,0,5.92647732718933,-0.367460388812933,0.364747625862911,0
PC1_cellid_000157319-1,0,0,-0.367460388812933,-0.983669293915148,0
PC1_cellid_000157328-1,2.63572090390671,5.33875794118672,0.563884277191719,0.106377613521435,0.386989800313418
PC1_cellid_000157331-1,0,5.91412651184157,-0.367460388812933,0.956074539942869,0
PC1_cellid_000157335-1,0,0,0.57304708022748,-0.791306882859749,0.0736924897533074
PC1_cellid_000157343-1,0,4.99275277343443,-0.367460388812933,0.119171391432952,0
PC1_cellid_000157358-1,0,5.03229413194231,0.0556454663035724,-0.232817713891913,0.175807793139985
PC1_cellid_000157371-1,0,5.19651007826586,-0.367460388812933,-0.00743266799564665,0
PC1_cellid_000157408-1,0,6.54802440114199,-0.367460388812933,1.47617873660768,0
PC1_cellid_000157441-1,0,0,0.608226043603127,-0.983669293915148,0
PC1_cellid_000157460-1,0,6.7101236766417,-0.367460388812933,0.638844151254849,0
PC1_cellid_000157473-1,0,0,0.582177841183009,-0.983669293915148,0
PC1_cellid_000157497-1,0,4.95473540860683,1.4185997848521,0.659485891697813,0.629479512210963
PC1_cellid_000157507-1,0,2.61786873595803,-0.367460388812933,-0.836110740664392,0
PC1_cellid_000157547-1,0,6.89971402558133,-0.367460388812933,0.806779635214036,0
PC1_cellid_000157620-1,0,6.27659358457656,-0.367460388812933,-0.0151331768385689,0
PC1_cellid_000157641-1,0,0,-0.367460388812933,-0.983669293915148,0
PC1_cellid_000157651-1,0,6.07173591886459,-0.367460388812933,0.572822285745346,0
PC1_cellid_000157654-1,0,4.73056463067624,-0.367460388812933,-0.261712091202831,0
PC1_cellid_000157658-1,0,6.31256697749866,0.265153309919823,0.96535350852454,0.262861921997521
PC1_cellid_000157662-1,0,6.2078388832092,-0.367460388812933,0.622314539325386,0
PC1_cellid_000157679-1,0,4.09429539680505,-0.367460388812933,-0.521677712087548,0
PC1_cellid_000157700-1,0,0,-0.367460388812933,-0.426872915099108,0
PC1_cellid_000157715-1,0,6.18589681572236,-0.367460388812933,0.373626993737202,0
PC1_cellid_000157719-1,0,5.67616369836988,1.02087885036811,0.154786475314684,0.436133232310142
PC1_cellid_000157739-1,0,5.19057305953493,-0.367460388812933,1.10243017138912,0
PC1_cellid_000157775-1,0,6.25176569799754,-0.367460388812933,1.24105994235016,0
PC1_cellid_000157797-1,0,5.08938684600617,0.459450138085302,0.123198719376831,0.343595611122351
PC1_cellid_000157814-1,0,5.09340240927943,-0.367460388812933,-0.131613507339284,0
PC1_cellid_000157821-1,3.04452243772342,3.04452243772342,0.425926971447683,-0.812062016560377,0.0657413652629747
PC1_cellid_000157826-1,0,5.95164876875961,0.614918783164992,0.705396599048919,0.408195519309388
PC1_cellid_000157842-1,0,0,0.578641230738464,-0.983669293915148,0
PC1_cellid_000157898-1,0,4.04620025685669,-0.367460388812933,0.0470509526358568,0
PC1_cellid_000157908-1,0,6.51046805007619,-0.367460388812933,0.0742486630461228,0
PC1_cellid_000157918-1,0,5.83908740778284,-0.367460388812933,0.340088585303965,0
PC1_cellid_000157932-1,0,6.43473882079095,-0.367460388812933,0.370714210137094,0
PC1_cellid_000157934-1,0,4.68486948706485,0.179630831515093,-0.0467203379134578,0.22732585457993
PC1_cellid_000157964-1,0,4.65554639331316,0.28561641791888,-0.143450453479442,0.271364696928651
PC1_cellid_000158008-1,0,0,1.53129501519728,-0.983669293915148,0
PC1_cellid_000158028-1,0,6.13980472783986,-0.367460388812933,0.0466576125325316,0
PC1_cellid_000158053-1,0,5.07033618337185,-0.367460388812933,-0.0822101890731311,0
PC1_cellid_000158065-1,0,6.07096579767876,-0.367460388812933,0.820946713311004,0
PC1_cellid_000158071-1,0,5.46675226383229,-0.367460388812933,0.666469863010957,0
PC1_cellid_000158099-1,0,0,0.686200332407743,-0.800068971647595,0.0703358041374782
PC1_cellid_000158105-1,0,6.62766694250608,-0.367460388812933,1.18498386084982,0
PC1_cellid_000158109-1,0,4.74930357525042,-0.367460388812933,0.020868109670888,0
PC1_cellid_000158130-1,0,5.69325387012616,-0.367460388812933,0.289396718385046,0
PC1_cellid_000158153-1,2.5263268542978,0,0.661270490953096,-0.983669293915148,0
PC1_cellid_000158169-1,3.3305666659823,3.3305666659823,0.517167926664402,-0.393236643769058,0.226189990976866
PC1_cellid_000158181-1,0,6.24553660753237,-0.367460388812933,0.419835923701486,0
PC1_cellid_000158191-1,0,0,0.782451203449237,-0.983669293915148,0
PC1_cellid_000158219-1,0,6.09907253530629,-0.367460388812933,1.11733811516592,0
PC1_cellid_000158243-1,0,4.37102888046434,-0.367460388812933,-0.737292273952551,0
PC1_cellid_000158257-1,0,3.75037108742069,0.475047274414228,-0.211111473957775,0.295960676094096
PC1_cellid_000158282-1,2.50644480133913,0,0.00340430108536353,-0.983669293915148,0
PC1_cellid_000158315-1,3.09948132200418,3.09948132200418,0.0911526150387773,-0.808964209041859,0.0669281103633487
PC1_cellid_000158320-1,0,2.49005561298419,0.466295350269519,-0.843315043635518,0.0537685824055619
PC1_cellid_000158356-1,0,6.16663225555945,0.360792243847893,0.500244506919346,0.302601551475172
PC1_cellid_000158358-1,0,6.75645071347652,-0.367460388812933,0.801283865874251,0
PC1_cellid_000158360-1,2.70581306370385,0,0.856809029365903,-0.983669293915148,0
PC1_cellid_000158376-1,3.18865633930721,0,0.10434734612605,-0.983669293915148,0
PC1_cellid_000158387-1,0,3.23436500191066,0.164352708511133,-0.80136136769586,0.0698406976246128
PC1_cellid_000158389-1,0,6.56649877648429,-0.367460388812933,0.774116164951686,0
PC1_cellid_000158407-1,0,5.8698642182937,-0.367460388812933,1.59711107367529,0
PC1_cellid_000158429-1,0,0,-0.367460388812933,-0.788180949910342,0
PC1_cellid_000158433-1,0,6.46747687363534,-0.367460388812933,0.736631547952916,0
PC1_cellid_000158457-1,0,6.17746522506388,-0.367460388812933,0.419699713939676,0
PC1_cellid_000158459-1,0,3.80783654332461,-0.367460388812933,-0.591904749814233,0
PC1_cellid_000158465-1,0,6.13980472783986,0.588273810701043,0.6263211347275,0.397124072884066
PC1_cellid_000158474-1,0,4.72224730866537,0.0112361135882391,-0.295233114456569,0.157354939790772
PC1_cellid_000158481-1,0,0,-0.367460388812933,-0.724008104291443,0
PC1_cellid_000158517-1,0,5.82608319836513,-0.367460388812933,0.930321610702408,0
PC1_cellid_000158523-1,0,0,-0.0301883403380061,-0.565290469084603,0.140142363460916
PC1_cellid_000158545-1,0,6.13366416677239,0.200716773247439,0.972904724672222,0.23608742768844
PC1_cellid_000158553-1,0,3.27263308627045,0.00202043358609074,-0.197646934158932,0.153525665523188
PC1_cellid_000158575-1,0,3.62661476861581,-0.0768907105664578,-0.40975962871649,0.120736721716701
PC1_cellid_000158579-1,0,6.91859728158283,-0.367460388812933,1.11784400241136,0
PC1_cellid_000158588-1,0,5.41062891522782,0.354374863012635,0.244675266434935,0.299935018859889
PC1_cellid_000158618-1,0,3.43495544623391,0.523016617287016,-0.59162600522406,0.15018862508643
PC1_cellid_000158636-1,2.64296612938031,0,0.395273130826543,-0.983669293915148,0
PC1_cellid_000158647-1,0,5.48639157583144,-0.367460388812933,0.661245345471676,0
PC1_cellid_000158676-1,0,4.41844550704077,0.852496324772934,-0.0504662455572366,0.357502568727242
PC1_cellid_000158681-1,0,6.81354449462111,-0.367460388812933,1.14865266428484,0
PC1_cellid_000158693-1,0,2.66011073881309,0.958096783414105,0.016277156927052,0.383071428447231
PC1_cellid_000158708-1,0,3.06571987848673,0.659047424819459,-0.595089240947449,0.148861887385135
PC1_cellid_000158709-1,0,5.06563038977241,-0.367460388812933,0.453592807951003,0
PC1_cellid_000158725-1,2.50026168277011,0,1.13511485237066,-0.983669293915148,0
PC1_cellid_000158742-1,0,0,-0.367460388812933,-0.556026552696378,0
PC1_cellid_000158757-1,3.02753929531507,5.97616639595136,0.578313365895752,0.418956411640617,0.392985335972877
PC1_cellid_000158797-1,0,0,0.0512418100332147,-0.983669293915148,0
PC1_cellid_000158813-1,0,6.52906941044671,-0.367460388812933,0.782500018252842,0
PC1_cellid_000158824-1,0,6.27042964720036,-0.367460388812933,0.976038804024114,0
PC1_cellid_000158826-1,0,6.04109920865976,-0.367460388812933,1.08826267218565,0
PC1_cellid_000158829-1,0,5.59473628697754,-0.0434887733545465,0.979157434914576,0.134615803740299
PC1_cellid_000158833-1,0,5.2453344628533,-0.367460388812933,0.0873419664337381,0
PC1_cellid_000158844-1,0,4.57439432865609,-0.0289628767168569,-0.25529799819894,0.140651564768821
PC1_cellid_000158854-1,0,6.26779959009282,-0.367460388812933,0.855801267310047,0
PC1_cellid_000158857-1,0,0,-0.367460388812933,-0.750284296274999,0
PC1_cellid_000158859-1,0,5.5421936541811,-0.367460388812933,0.312742140867766,0
PC1_cellid_000158877-1,0,0,0.248034644449954,-0.677709617148553,0.117210686959805
PC1_cellid_000158880-1,0,6.60682643388542,-0.367460388812933,1.1598747717974,0
PC1_cellid_000158902-1,0,4.53210499444124,-0.367460388812933,0.0246232457807621,0
PC1_cellid_000158959-1,0,0,-0.367460388812933,-0.983669293915148,0
PC1_cellid_000158970-1,0,6.70418738657983,-0.367460388812933,1.57452449352136,0
PC1_cellid_000158975-1,0,3.77398298395123,-0.367460388812933,0.0306737941587568,0
PC1_cellid_000158977-1,0,4.71949044301739,0.372303126727134,-0.00754336719386484,0.307384522194249
PC1_cellid_000158985-1,0,0,0.520338553989129,-0.983669293915148,0
PC1_cellid_000159019-1,0,3.17757478842262,-0.00956830918492884,-0.398390531032185,0.148710342673829
PC1_cellid_000159036-1,0,0,-0.367460388812933,-0.418248112224396,0
PC1_cellid_000159041-1,0,5.52131152911094,-0.367460388812933,0.380500238375187,0
PC1_cellid_000159044-1,0,5.71712737745913,0.169844067435654,0.789909073247835,0.223259285011153
PC1_cellid_000159057-1,0,4.73056463067624,-0.367460388812933,0.56725889361132,0
PC1_cellid_000159061-1,0,0,-0.367460388812933,-0.759944521237894,0
PC1_cellid_000159069-1,2.81090758654192,0,1.60334066882329,0.19531977256343,0.451661211897124
PC1_cellid_000159092-1,0,4.17596393557503,0.0481356542219862,-0.310388093403447,0.172687336467041
PC1_cellid_000159113-1,0,0,0.109096977850056,-0.983669293915148,0
PC1_cellid_000159136-1,3.53773621179462,0,0.479614931648351,-0.983669293915148,0
PC1_cellid_000159146-1,0,5.97700660029142,-0.367460388812933,0.445960482226173,0
PC1_cellid_000159149-1,0,6.29105148471027,-0.367460388812933,0.982090283936002,0
PC1_cellid_000159171-1,0,3.38405218891788,0.570112894275926,-0.792924113202702,0.0730729418394354
PC1_cellid_000159201-1,0,5.78867921427462,0.0674033918159115,0.486383337923064,0.180693414341467
PC1_cellid_000159202-1,0,0,-0.367460388812933,-0.101024697737709,0
PC1_cellid_000159203-1,0,4.40238255605998,-0.367460388812933,0.589747221488366,0
PC1_cellid_000159214-1,3.69044073468089,5.05783689558055,0.594250057596562,-0.0979974073159084,0.339293763630414
PC1_cellid_000159270-1,0,5.05010443593936,-0.367460388812933,-0.0993175379246845,0
PC1_cellid_000159323-1,2.7609471472243,0,1.38620512980445,-0.827753189914139,0.0597302031796688
PC1_cellid_000159329-1,0,3.60316593583991,-0.367460388812933,-0.291331409224076,0
PC1_cellid_000159334-1,0,3.61716549251262,-0.367460388812933,-0.575516035378369,0
PC1_cellid_000159342-1,0,3.74128838109599,0.428817249221532,0.245861918338413,0.330867116530475
PC1_cellid_000159347-1,0,5.13029642807771,-0.367460388812933,0.402191487601729,0
PC1_cellid_000159353-1,0,3.77814967400734,0.0881437542976996,-0.770710449873903,0.0815828172785071
PC1_cellid_000159356-1,0,6.86683339362821,-0.367460388812933,0.891068149009722,0
PC1_cellid_000159357-1,0,0,0.165458233446649,-0.778395920887798,0.0786385752572437
PC1_cellid_000159386-1,3.08942116646462,4.84250191556019,0.0896640698043029,0.3562554843519,0.189943110661225
PC1_cellid_000159407-1,0,0,0.240221133448212,-0.983669293915148,0
PC1_cellid_000159414-1,0,6.51927019090866,-0.367460388812933,0.667373693985519,0
PC1_cellid_000159423-1,0,5.59418017109001,-0.367460388812933,0.733506647759686,0
PC1_cellid_000159427-1,0,6.6249787175367,-0.367460388812933,1.08021744962019,0
PC1_cellid_000159431-1,0,0,-0.367460388812933,-0.983669293915148,0
PC1_cellid_000159433-1,0,5.20849211697428,-0.367460388812933,0.2606298126816,0
PC1_cellid_000159436-1,0,6.70515285289295,-0.367460388812933,1.48725510943529,0
PC1_cellid_000159491-1,0,6.78053661507651,-0.367460388812933,1.17264293265721,0
PC1_cellid_000159494-1,0,4.61512051684126,0.72380246995271,0.075636968420307,0.405811693950376
PC1_cellid_000159513-1,0,6.23598580143633,-0.367460388812933,0.621941576782744,0
PC1_cellid_000159517-1,0,5.36488175975226,-0.367460388812933,0.286319308404699,0
PC1_cellid_000159568-1,0,0,0.880699778024289,-0.983669293915148,0
PC1_cellid_000159603-1,0,5.29340432721214,-0.367460388812933,0.377558192840694,0
PC1_cellid_000159607-1,0,3.72931112856679,0.461205997915562,-0.56286176039954,0.1612079755165
PC1_cellid_000159618-1,0,6.27155894355144,-0.367460388812933,0.768962706882539,0
PC1_cellid_000159620-1,0,5.06719649727782,0.0459427087773712,0.266198704754992,0.171776129745527
PC1_cellid_000159629-1,0,6.43173867125213,-0.367460388812933,1.39192851641919,0
PC1_cellid_000159662-1,0,3.36768211680924,0.0118435887684116,-0.79384682721192,0.0727194575370893
PC1_cellid_000159667-1,0,5.40375310061583,-0.367460388812933,-0.0227436229690218,0
PC1_cellid_000159706-1,0,0,-0.367460388812933,-0.284119466419364,0
PC1_cellid_000159710-1,0,6.01518632404754,0.254798248387605,1.2998508117369,0.258559215018184
PC1_cellid_000159711-1,0,5.77944837239834,-0.367460388812933,0.344588188814217,0
PC1_cellid_000159736-1,0,5.78752065958087,-0.367460388812933,0.937171116988878,0
PC1_cellid_000159763-1,0,6.53451531816871,-0.367460388812933,0.78339101123195,0
PC1_cellid_000159770-1,0,5.54557596199968,-0.367460388812933,0.0112802068917049,0
PC1_cellid_000159783-1,0,4.52983351292491,-0.367460388812933,0.83836426824742,0
PC1_cellid_000159800-1,0,5.5930688731665,-0.367460388812933,0.524108719178841,0
PC1_cellid_000159817-1,0,6.01005090819104,-0.367460388812933,0.141021996669698,0
PC1_cellid_000159818-1,0,0,0.0563500362948162,-0.820422989784971,0.062538343787518
PC1_cellid_000159821-1,0,5.8952807974468,-0.367460388812933,0.611371101720953,0
PC1_cellid_000159835-1,0,0,0.471015599774819,-0.801018354536569,0.0699721032021767
PC1_cellid_000159846-1,3.44371490765316,3.44371490765316,0.142086943185992,-0.319235658584835,0.211725720303329
PC1_cellid_000159870-1,0,5.16428895602064,-0.367460388812933,0.319019333368198,0
PC1_cellid_000159873-1,0,0,0.435001741217989,-0.983669293915148,0
PC1_cellid_000159878-1,0,4.36334547132513,-0.367460388812933,-0.278569310912142,0
PC1_cellid_000159882-1,0,6.43312980532518,-0.367460388812933,0.797844786649431,0
PC1_cellid_000159908-1,0,6.19196338744912,-0.367460388812933,1.51196988582735,0
PC1_cellid_000159918-1,0,6.68448430908221,-0.367460388812933,1.05843294970026,0
PC1_cellid_000159948-1,0,3.96169643183666,0.363012024910267,-0.285602406881565,0.267423799886926
PC1_cellid_000159964-1,0,0,-0.367460388812933,-0.983669293915148,0
PC1_cellid_000159967-1,0,3.46148304504618,-0.367460388812933,-0.593082911530964,0
PC1_cellid_000159986-1,3.76570374578464,0,0.690621411587553,-0.983669293915148,0
PC1_cellid_000159992-1,0,0,0.186273483611852,-0.793489675411894,0.0728562795139995
PC1_cellid_000160001-1,0,3.06767161959039,-0.367460388812933,-0.637519754932658,0
PC1_cellid_000160009-1,1.98261957474169,2.6044275469224,0.656853885092807,-0.57526019027533,0.156458236928977
PC1_cellid_000160029-1,0,5.81213849929383,-0.367460388812933,1.01379344202743,0
PC1_cellid_000160035-1,3.49186448870265,0,0.149211368760859,-0.653579359395793,0.126454794280116
PC1_cellid_000160038-1,0,4.35572214678715,-0.367460388812933,0.276937541748753,0
PC1_cellid_000160063-1,0,5.32340810793833,-0.367460388812933,0.230192641717924,0
PC1_cellid_000160074-1,0,5.19057305953493,0.633117844512818,0.200407426791389,0.415757543739183
PC1_cellid_000160098-1,0,5.9985759859418,-0.367460388812933,1.25666086878693,0
PC1_cellid_000160123-1,0,4.50651750869501,0.469830343184502,-0.297609701377737,0.262823902111839
PC1_cellid_000160129-1,0,0,0.329907008578191,-0.369295016660208,0.23536183541735
PC1_cellid_000160146-1,0,6.48056742546825,0.461837674085061,0.674677665073103,0.344587673581625
PC1_cellid_000160150-1,0,6.63494069319,0.092706726707565,0.648358155521792,0.191207387174953
PC1_cellid_000160156-1,0,6.66057514983969,-0.367460388812933,1.48908710923812,0
PC1_cellid_000160176-1,0,0,-0.367460388812933,-0.268714303285538,0
PC1_cellid_000160182-1,0,0,0.62725155907852,-0.983669293915148,0
PC1_cellid_000160191-1,0,6.17554798657529,-0.367460388812933,1.0603228127944,0
PC1_cellid_000160210-1,2.64539472268028,5.06302571765653,0.411803093691067,0.35341461465248,0.323797440940361
PC1_cellid_000160264-1,0,0,1.66537451661975,-0.786771984516534,0.0754297727695483
PC1_cellid_000160289-1,4.06290303638728,6.24472153184823,0.23370476506222,0.995836038943074,0.249794508247464
PC1_cellid_000160317-1,0,4.14002986617048,0.522986879229554,-0.00575844055799149,0.369996224843004
PC1_cellid_000160350-1,0,0,0.0946670142838201,-0.983669293915148,0
PC1_cellid_000160355-1,0,3.94415928685054,0.0767725446488062,-0.761353166997037,0.0851675169541813
PC1_cellid_000160385-1,0,5.13532137573884,-0.367460388812933,0.799176114387332,0
PC1_cellid_000160388-1,3.61540419314867,5.09833259210733,0.697542288503252,0.30001971920489,0.442527013329979
PC1_cellid_000160416-1,0,5.08618610787265,-0.367460388812933,0.0714564675519152,0
PC1_cellid_000160418-1,3.53288599213482,0,0.155281092355571,-0.745848061751642,0.0911073978443786
PC1_cellid_000160436-1,0,5.73746979949234,-0.367460388812933,0.291808991081191,0
PC1_cellid_000160461-1,0,4.99396475303004,-0.367460388812933,-0.170433780828996,0
PC1_cellid_000160475-1,0,0,0.266830812390604,-0.983669293915148,0
PC1_cellid_000160488-1,0,5.75300469041267,0.00449175077774513,0.495211408130845,0.154552540515249
PC1_cellid_000160494-1,3.27507816971916,3.27507816971916,0.486008645123188,-0.614116441080372,0.141572720322108
PC1_cellid_000160505-1,0,0,0.368648102104707,-0.650763396635951,0.127533566924349
PC1_cellid_000160528-1,0,6.1655425994395,-0.367460388812933,0.538015222336189,0
PC1_cellid_000160536-1,0,5.29587020595708,-0.367460388812933,1.1090954873218,0
PC1_cellid_000160544-1,0,6.35397081642796,-0.367460388812933,-0.00487562933011154,0
PC1_cellid_000160549-1,0,0,0.125723373314497,-0.697603204067518,0.109589614099784
PC1_cellid_000160596-1,0,6.1738734254386,-0.367460388812933,0.291091833249122,0
PC1_cellid_000160609-1,0,6.08804764268489,-0.367460388812933,0.925991245812052,0
PC1_cellid_000160639-1,0,4.36334547132513,-0.367460388812933,-0.737725356299669,0
PC1_cellid_000160643-1,0,5.35854892517824,0.0866557355822485,-0.0208694202083672,0.188693095814559
PC1_cellid_000160667-1,0,6.38335306043849,-0.367460388812933,0.763555960239583,0
PC1_cellid_000160675-1,0,4.49857433972227,-0.367460388812933,-0.476059736285493,0
PC1_cellid_000160695-1,3.01454642036821,3.01454642036821,0.418115370854467,-0.643514289387283,0.130310641503068
PC1_cellid_000160722-1,0,0,-0.367460388812933,-0.983669293915148,0
PC1_cellid_000160740-1,0,3.3331692955853,0.496629600596192,-0.79579217378276,0.0719742109400449
PC1_cellid_000160755-1,0,6.12416701047467,0.179318439237682,0.84549725908921,0.227196050191213
PC1_cellid_000160789-1,0,0,-0.367460388812933,-0.983669293915148,0
PC1_cellid_000160791-1,0,5.73234501280538,-0.367460388812933,0.716857878325784,0
PC1_cellid_000160803-1,0,5.46898997217214,-0.367460388812933,0.248394725045465,0
PC1_cellid_000160810-1,0,6.01411425806855,-0.367460388812933,0.543879651305658,0
PC1_cellid_000160823-1,0,6.09661198587935,-0.367460388812933,0.626050820134413,0
PC1_cellid_000160858-1,0,5.42153107481732,-0.367460388812933,0.70525889957486,0
PC1_cellid_000160867-1,0,3.88401538044124,0.704937274910555,0.00634655731084141,0.3792670957481
PC1_cellid_000160884-1,0,0,-0.367460388812933,-0.983669293915148,0
PC1_cellid_000160897-1,0,6.24553660753237,-0.367460388812933,0.29283499666182,0
PC1_cellid_000160903-1,0,0,0.657118767715205,-0.77483095674198,0.0800042842975143
PC1_cellid_000160915-1,0,3.21580892578038,0.466205127157024,-0.563274085748198,0.161050016997658
PC1_cellid_000160926-1,0,0,-0.367460388812933,-0.274713136850045,0
PC1_cellid_000160927-1,0,0,0.625329400076562,0.188976022155235,0.41252131050872
PC1_cellid_000160952-1,0,5.45343103769978,-0.367460388812933,0.246178384975934,0
PC1_cellid_000160974-1,0,5.7400421395756,-0.367460388812933,0.575900483058177,0
PC1_cellid_000160990-1,0,3.08542793606403,0.562842632003069,-0.809756340927282,0.0666246510204889
PC1_cellid_000161048-1,0,5.20849211697428,-0.367460388812933,0.417435768292981,0
PC1_cellid_000161050-1,0,6.37882558455555,-0.367460388812933,0.637583776122463,0
PC1_cellid_000161059-1,0,5.84348744143826,0.107761643130592,0.672339631591507,0.197462965064582
PC1_cellid_000161061-1,0,5.89750680430362,0.185829426014282,0.975060787881889,0.22990147769243
PC1_cellid_000161072-1,0,2.97136368253703,0.888578389802381,-0.816185676362204,0.0641616244184666
PC1_cellid_000161081-1,0,5.817692927389,-0.367460388812933,1.05899056485757,0
PC1_cellid_000161114-1,0,6.12149550216135,-0.367460388812933,0.619627120756337,0
PC1_cellid_000161131-1,0,6.37882558455555,-0.367460388812933,1.17319559399324,0
PC1_cellid_000161135-1,2.93183297968347,4.27733197188718,1.38349059088751,-0.163766141384255,0.314098291527375
PC1_cellid_000161138-1,0,6.77536609093639,-0.367460388812933,1.21323350418862,0
PC1_cellid_000161139-1,0,5.04243206817826,-0.367460388812933,-0.0773291864634984,0
PC1_cellid_000161141-1,0,5.30529696043149,-0.367460388812933,0.766475848987289,0
PC1_cellid_000161152-1,0,4.53895124138387,-0.367460388812933,-0.170458797763038,0
PC1_cellid_000161176-1,0,0,-0.367460388812933,-0.983669293915148,0
PC1_cellid_000161188-1,0,6.11826113538914,-0.367460388812933,0.732611018308191,0
PC1_cellid_000161196-1,0,6.60118472697534,-0.367460388812933,1.3151297334406,0
PC1_cellid_000161213-1,0,4.00302283373135,-0.367460388812933,-0.570098199306172,0
PC1_cellid_000161222-1,0,0,-0.367460388812933,-0.77550460151345,0
PC1_cellid_000161224-1,2.93520234422378,3.99775905973548,0.497172771979144,0.243441948792063,0.359270017269432
PC1_cellid_000161225-1,0,5.29143603690428,-0.367460388812933,0.427645219165374,0
PC1_cellid_000161241-1,0,4.38462227298923,-0.367460388812933,-0.0491088310472846,0
PC1_cellid_000161242-1,0,6.44456399502534,-0.367460388812933,1.30417530664698,0
PC1_cellid_000161256-1,2.38436936776056,3.03034785596333,1.52533215661372,-0.812860979758465,0.0654352888992751
PC1_cellid_000161278-1,0,3.91723109463352,-0.00211105068714747,-0.292846858730998,0.151808962424691
PC1_cellid_000161282-1,0,5.43305847021499,-0.367460388812933,0.752303537004702,0
PC1_cellid_000161283-1,0,3.27507816971916,0.00141355284082847,-0.473045746213641,0.153273496087966
PC1_cellid_000161290-1,0,6.07985836953265,-0.367460388812933,0.743278527886742,0
PC1_cellid_000161346-1,0,2.91352404047583,0.605014051725865,-0.120535577201228,0.330659572344187
PC1_cellid_000161348-1,0,0,-0.367460388812933,-0.819739912014602,0
PC1_cellid_000161383-1,0,5.06563038977241,-0.367460388812933,0.445623758079041,0
PC1_cellid_000161386-1,0,4.92134328519077,0.414987333725924,0.341288818019397,0.325120547691512
PC1_cellid_000161409-1,0,5.98009343424635,0.654132550139989,0.641938322923748,0.42448951701519
PC1_cellid_000161412-1,0,6.12149550216135,-0.367460388812933,0.387679794527385,0
PC1_cellid_000161413-1,0,4.19508658590879,0.442966615018278,-0.0415703636003027,0.33674642248896
PC1_cellid_000161419-1,3.84741108710165,5.6212315271375,0.201819620452335,0.651592948502566,0.236545679756849
PC1_cellid_000161425-1,0,6.36770242311457,-0.367460388812933,0.597943989509116,0
PC1_cellid_000161448-1,0,5.97420867407838,-0.367460388812933,0.324743006613715,0
PC1_cellid_000161457-1,3.22736271156886,4.2991778346039,1.02254877663059,-0.138529670567131,0.323766180159551
PC1_cellid_000161465-1,0,5.90800814478562,-0.367460388812933,0.546656751761724,0
PC1_cellid_000161467-1,0,0,0.135166920603256,-0.788021716290319,0.0749510105964774
PC1_cellid_000161473-1,0,5.12197788143163,-0.367460388812933,0.618505825007846,0
PC1_cellid_000161484-1,2.64175437844846,0,1.14264567573953,-0.787223788420627,0.0752566903342107
PC1_cellid_000161490-1,0,5.71712737745913,-0.367460388812933,0.408234256235987,0
PC1_cellid_000161507-1,0,6.4393503711001,-0.367460388812933,0.3940440487304,0
PC1_cellid_000161517-1,0,5.45343103769978,0.778035945143064,0.226281661499666,0.46352246207931
PC1_cellid_000161520-1,0,0,0.103594060106733,-0.415777110847433,0.195731262311495
PC1_cellid_000161535-1,0,5.89146237924615,-0.367460388812933,0.411284483469656,0
PC1_cellid_000161564-1,0,5.8520265318546,-0.367460388812933,1.05393973159369,0
PC1_cellid_000161614-1,0,6.18287733192228,-0.367460388812933,0.907900170573536,0
PC1_cellid_000161661-1,0,5.64435138911818,-0.367460388812933,0.928190054560264,0
PC1_cellid_000161662-1,0,5.69472927212725,-0.367460388812933,-0.129684884093136,0
PC1_cellid_000161667-1,0,5.59774470860897,-0.367460388812933,-0.0702087109093807,0
PC1_cellid_000161697-1,0,0,-0.367460388812933,-0.983669293915148,0
PC1_cellid_000161736-1,0,0,-0.025408632945091,-0.983669293915148,0
PC1_cellid_000161801-1,0,0,-0.367460388812933,-0.983669293915148,0
PC1_cellid_000161809-1,0,0,-0.367460388812933,-0.805697252125094,0
PC1_cellid_000161821-1,0,5.56094066482089,-0.367460388812933,0.304440131334599,0
PC1_cellid_000161826-1,0,6.23096632373065,-0.367460388812933,0.0410186926572139,0
PC1_cellid_000161832-1,0,0,0.152397537602261,-0.983669293915148,0
PC1_cellid_000161842-1,0,0,0.000863495028994359,-0.798994996109577,0.0707472355127477
PC1_cellid_000161854-1,0,6.4010939050109,-0.367460388812933,1.18938884424534,0
PC1_cellid_000161860-1,5.14714657293082,0,0.394134247785962,-0.562079450820155,0.161507672013058
PC1_cellid_000161880-1,0,4.23226863076191,-0.0112907974812493,-0.200129888469834,0.147994619025897
PC1_cellid_000161899-1,0,5.66256194900254,-0.367460388812933,0.556342930584311,0
PC1_cellid_000161900-1,3.24853074860739,5.69719315593521,0.113206629293225,0.157368449664406,0.199725450892547
PC1_cellid_000161917-1,0,5.64435138911818,-0.367460388812933,0.569660828606849,0
PC1_cellid_000161919-1,0,4.74176506316655,-0.367460388812933,0.0743570038355707,0
PC1_cellid_000161945-1,0,0,0.992421319704541,-0.983669293915148,0
PC1_cellid_000161978-1,0,6.03468366622796,-0.367460388812933,1.02279684734974,0
PC1_cellid_000161994-1,0,0,-0.367460388812933,-0.983669293915148,0
PC1_cellid_000162008-1,0,0,0.353012447707126,-0.789361356362885,0.0744378052785617
PC1_cellid_000162011-1,0,3.20666892143315,-0.00629142021726375,-0.802922482472107,0.0692426471322057
PC1_cellid_000162036-1,3.70579899997254,0,0.18086606793407,-0.983669293915148,0
PC1_cellid_000162069-1,0,5.86109788199038,-0.367460388812933,0.495100923542284,0
PC1_cellid_000162077-1,0,0,0.0614184354839018,-0.983669293915148,0
PC1_cellid_000162078-1,0,6.38668633019273,-0.367460388812933,1.0526862216684,0
PC1_cellid_000162081-1,0,0,-0.367460388812933,-0.726037738940831,0
PC1_cellid_000162092-1,0,6.1600271844295,-0.367460388812933,0.363722925658519,0
PC1_cellid_000162101-1,0,6.1649501988288,-0.367460388812933,0.678315396949088,0
PC1_cellid_000162106-1,0,6.29196847883865,-0.367460388812933,0.626065218039993,0
PC1_cellid_000162138-1,0,3.72931112856679,0.13566445260443,-0.149289297320494,0.209057064500171
PC1_cellid_000162177-1,0,0,-0.367460388812933,-0.983669293915148,0
PC1_cellid_000162179-1,0,6.36293735532134,0.0810501150860138,0.0645184011938762,0.186363863645574
PC1_cellid_000162187-1,0,0,-0.367460388812933,-0.180198105278689,0
PC1_cellid_000162188-1,0,0,0.220975688898419,-0.70248607959606,0.107719023827602
PC1_cellid_000162196-1,3.64944148889872,0,0.707568777704955,-0.983669293915148,0
PC1_cellid_000162214-1,0,0,-0.367460388812933,-0.564213036858805,0
PC1_cellid_000162217-1,0,4.95473540860683,-0.367460388812933,-0.201019948011583,0
PC1_cellid_000162234-1,0,5.93755433909276,-0.367460388812933,0.29668717262336,0
PC1_cellid_000162245-1,0,0,0.107415952703517,-0.983669293915148,0
PC1_cellid_000162250-1,0,0,0.669271895669811,-0.983669293915148,0
PC1_cellid_000162269-1,0,0,-0.367460388812933,-0.736391370990441,0
PC1_cellid_000162283-1,0,6.7691426758635,-0.367460388812933,0.696013865167505,0
PC1_cellid_000162284-1,4.01898878933024,0,0.679868041739891,-0.983669293915148,0
PC1_cellid_000162289-1,0,6.61184900410759,-0.367460388812933,0.796934396395411,0
PC1_cellid_000162311-1,4.26169446111609,0,1.43979572757994,-0.685107955960452,0.114376442971615
PC1_cellid_000162312-1,0,5.88808049422634,-0.367460388812933,0.646491006153597,0
PC1_cellid_000162314-1,0,0,0.020077319850309,0.0145681524068233,0.161028613749271
PC1_cellid_000162315-1,0,5.6304149690302,-0.367460388812933,0.410185621873577,0
PC1_cellid_000162319-1,0,0,0.538571489281808,-0.983669293915148,0
PC1_cellid_000162338-1,0,0,0.0464937515555805,-0.983669293915148,0
PC1_cellid_000162343-1,0,6.10351690805538,-0.367460388812933,0.328800311693962,0
PC1_cellid_000162362-1,0,5.95058714325124,-0.367460388812933,0.710097092788331,0
PC1_cellid_000162364-1,4.29203880446695,0,1.17826546629341,-0.744193707042167,0.0917411678039432
PC1_cellid_000162371-1,0,5.28360177830041,-0.367460388812933,0.362986227414362,0
PC1_cellid_000162390-1,0,5.58974242527865,-0.367460388812933,0.277791719029777,0
PC1_cellid_000162406-1,0,5.48280722954873,-0.367460388812933,0.3861492648847,0
PC1_cellid_000162407-1,0,0,0.898605260149379,-0.639612037803304,0.131805562643272
PC1_cellid_000162451-1,0,4.94776748221852,-0.367460388812933,-0.0529864354507694,0
PC1_cellid_000162458-1,0,0,0.100073627995647,-0.983669293915148,0
PC1_cellid_000162465-1,0,0,0.0415434656195653,-0.983669293915148,0
PC1_cellid_000162497-1,0,0,0.0525740727662329,-0.983669293915148,0
PC1_cellid_000162504-1,0,0,-0.367460388812933,-0.775477520726527,0
PC1_cellid_000162512-1,0,5.56784653711457,-0.367460388812933,0.186197670003273,0
PC1_cellid_000162517-1,0,7.55757285439576,-0.367460388812933,1.26832497690451,0
PC1_cellid_000162524-1,0,4.87420545642672,0.563277283690014,0.379250669334446,0.386737584025946
PC1_cellid_000162525-1,0,6.36293735532134,-0.367460388812933,0.947881044188682,0
PC1_cellid_000162545-1,0,5.33875794118672,-0.367460388812933,0.266448604171909,0
PC1_cellid_000162578-1,0,4.30877874016816,0.526213016065401,-0.481420103160542,0.192407618204742
PC1_cellid_000162581-1,0,4.39050651489966,0.0503627373151514,-0.273072897884563,0.173612727971352
PC1_cellid_000162636-1,0,6.50749407914416,-0.367460388812933,0.566395125638205,0
PC1_cellid_000162656-1,0,0,0.122275150938242,-0.983669293915148,0
PC1_cellid_000162673-1,0,5.15568060618549,-0.367460388812933,0.290478996472596,0
PC1_cellid_000162687-1,0,6.04303196358451,-0.367460388812933,-0.0348488799579031,0
PC1_cellid_000162695-1,0,0,0.746026136675493,-0.983669293915148,0
PC1_cellid_000162731-1,0,0,-0.367460388812933,-0.983669293915148,0
PC1_cellid_000162733-1,0,4.57629576488896,-0.367460388812933,0.144354493217446,0
PC1_cellid_000162746-1,0,4.1367915191431,-0.367460388812933,-0.339557731479722,0
PC1_cellid_000162765-1,0,0,0.527346117454882,-0.801282309298045,0.0698709842598186
PC1_cellid_000162786-1,0,4.82090172066367,-0.367460388812933,-0.188264841086971,0
PC1_cellid_000162799-1,0,6.46719164391224,-0.367460388812933,0.558891852547659,0
PC1_cellid_000162820-1,0,0,-0.367460388812933,-0.752277689352663,0
PC1_cellid_000162832-1,0,5.87447756548424,-0.367460388812933,0.737035557554484,0
