CellID,sample,query_label,nearest_reference,distance,references_in_radius,strength,area_um2_cell,Fibroblast_program
PC1_cellid_000152206-1,PC1_A2,Fibroblast,PC1_cellid_000154582-1,9.21112364692154,199,0.000104339400885397,80.0365349943545,-0.730609930882624
PC1_cellid_000152252-1,PC1_A2,Fibroblast,PC1_cellid_000161900-1,63.2300031416742,132,3.87208237241197e-28,100.100337484208,0.246136244298119
PC1_cellid_000152277-1,PC1_A2,Fibroblast,PC1_cellid_000161224-1,68.2503282151567,122,2.30179657727421e-30,112.182129305083,0.139906710588552
PC1_cellid_000152292-1,PC1_A2,Fibroblast,PC1_cellid_000160129-1,31.1487610744604,111,2.96664254037781e-14,175.980924811673,1.00656807515243
PC1_cellid_000152340-1,PC1_A2,Fibroblast,PC1_cellid_000157358-1,79.3121095894925,112,4.04565864588532e-35,83.8906812539433,0.326111601249728
PC1_cellid_000152361-1,PC1_A2,Fibroblast,PC1_cellid_000157358-1,70.5983309287123,134,2.30153615914648e-31,112.154794934446,0.458497159511521
PC1_cellid_000152362-1,PC1_A2,Fibroblast,PC1_cellid_000152982-1,73.6729306507483,28,1.02529465158298e-32,56.0635430601913,-0.338682947344336
PC1_cellid_000152369-1,PC1_A2,Fibroblast,PC1_cellid_000157679-1,30.2480418667559,200,8.62714957244466e-14,39.9366388287042,0.267182002720516
PC1_cellid_000152389-1,PC1_A2,Fibroblast,PC1_cellid_000153776-1,17.2322583150912,171,3.56018269426537e-08,163.872173063589,0.287519480314375
PC1_cellid_000152407-1,PC1_A2,Fibroblast,PC1_cellid_000159706-1,38.0513498183531,162,3.78228087180827e-17,215.971857938217,0.909582569727231
PC1_cellid_000152414-1,PC1_A2,Fibroblast,PC1_cellid_000159329-1,20.2221089512579,130,1.66387433341035e-09,119.972050492752,1.17787588400007
PC1_cellid_000152419-1,PC1_A2,Fibroblast,PC1_cellid_000155109-1,27.297566331466,173,2.59215057897763e-12,168.026997400189,0.788069926759643
PC1_cellid_000152420-1,PC1_A2,Fibroblast,PC1_cellid_000158257-1,30.4500636254462,162,6.34791250995462e-14,68.0086630278846,0.119073047165493
PC1_cellid_000152428-1,PC1_A2,Fibroblast,PC1_cellid_000157144-1,71.3974128152497,126,1.09881673363051e-31,92.0086148892503,0.109476406526987
PC1_cellid_000152437-1,PC1_A2,Fibroblast,PC1_cellid_000157144-1,67.1133827228127,67,7.12899354739316e-30,55.9815399482794,-0.042615360251248
PC1_cellid_000152456-1,PC1_A2,Fibroblast,PC1_cellid_000160129-1,52.0037487144585,122,3.35179833561572e-23,88.0177967764689,0.217734892722374
PC1_cellid_000152542-1,PC1_A2,Fibroblast,PC1_cellid_000152982-1,23.754651034091,49,4.82745023650229e-11,63.9358418031965,0.128488448868641
PC1_cellid_000152576-1,PC1_A2,Fibroblast,PC1_cellid_000157108-1,41.9762277261664,186,7.18334384520003e-19,79.9545318824459,0.74399922240133
PC1_cellid_000152644-1,PC1_A2,Fibroblast,PC1_cellid_000157358-1,43.4055190738671,200,2.33417272176609e-19,119.944341678688,0.854758263299073
PC1_cellid_000152672-1,PC1_A2,Fibroblast,PC1_cellid_000152982-1,58.5065994375849,26,3.96659738736103e-26,116.035901121252,0.551336000722285
PC1_cellid_000152674-1,PC1_A2,Fibroblast,PC1_cellid_000152982-1,49.7351610331416,24,2.56889022954627e-22,115.981606823409,0.1933573951178
PC1_cellid_000152690-1,PC1_A2,Fibroblast,PC1_cellid_000157144-1,56.2909679113384,110,3.57390707246814e-25,71.89051810155,-0.0188246536418849
PC1_cellid_000152692-1,PC1_A2,Fibroblast,PC1_cellid_000157358-1,28.0779564344495,200,7.24896879575995e-13,55.9272456504438,0.212897891165738
PC1_cellid_000152777-1,PC1_A2,Fibroblast,PC1_cellid_000159092-1,13.8761892406246,124,9.62484879955619e-07,151.953638579666,1.21011441118375
PC1_cellid_000152829-1,PC1_A2,Fibroblast,PC1_cellid_000155555-1,32.0603792801817,111,1.21157010127513e-14,108.1093080804,1.33252192480065
PC1_cellid_000153040-1,PC1_A2,Fibroblast,PC1_cellid_000157144-1,75.3799821566387,64,1.83216219628412e-33,87.9354192211243,1.28118388221459
PC1_cellid_000153150-1,PC1_A2,Fibroblast,PC1_cellid_000154013-1,29.1533132034005,200,2.45309992693908e-13,88.0181712199048,-0.0415831069558741
PC1_cellid_000153180-1,PC1_A2,Fibroblast,PC1_cellid_000157358-1,61.977066031616,152,1.25639512270586e-27,63.991259431335,0.688517731659624
PC1_cellid_000153186-1,PC1_A2,Fibroblast,PC1_cellid_000161900-1,28.6193000570955,139,3.7222563939802e-13,107.862549857813,1.07430808819115
PC1_cellid_000153218-1,PC1_A2,Fibroblast,PC1_cellid_000157358-1,68.8682577651734,143,1.24980845849242e-30,80.091203735618,0.688739472284139
PC1_cellid_000153220-1,PC1_A2,Fibroblast,PC1_cellid_000161224-1,68.3375543944566,146,2.19661829113829e-30,92.1183268152279,0.566398369208345
PC1_cellid_000153227-1,PC1_A2,Fibroblast,PC1_cellid_000159706-1,49.0448940582086,169,8.56197033579658e-22,59.9723580610572,0.377426336676782
PC1_cellid_000153239-1,PC1_A2,Fibroblast,PC1_cellid_000154871-1,18.6008494887676,21,9.53443319936057e-09,111.880702341219,0.0406254284078689
PC1_cellid_000153307-1,PC1_A2,Fibroblast,PC1_cellid_000154582-1,12.3839760724911,182,4.18534930466851e-06,159.990692433369,0.343150768945932
PC1_cellid_000153322-1,PC1_A2,Fibroblast,PC1_cellid_000156375-1,12.1654299736107,155,5.51552219305981e-06,95.9178043335461,-0.284532158020992
PC1_cellid_000153324-1,PC1_A2,Fibroblast,PC1_cellid_000157358-1,12.7918405539921,200,2.78816612189839e-06,147.962446023461,0.886146537005777
PC1_cellid_000153332-1,PC1_A2,Fibroblast,PC1_cellid_000159607-1,7.21139497749966,200,0.00107742033199022,56.0088743189212,-0.45999935301806
PC1_cellid_000153359-1,PC1_A2,Fibroblast,PC1_cellid_000157144-1,38.6126436187847,57,1.7011473958251e-17,67.8993255453428,0.326811777810755
PC1_cellid_000153371-1,PC1_A2,Fibroblast,PC1_cellid_000157144-1,20.6106117970901,43,1.11924465192001e-09,67.9270343594036,0.0534907834310385
PC1_cellid_000153436-1,PC1_A2,Fibroblast,PC1_cellid_000157144-1,23.5456572666748,64,5.94635921016186e-11,107.889884228443,1.62667012736577
PC1_cellid_000153494-1,PC1_A2,Fibroblast,PC1_cellid_000159329-1,28.6334426858421,126,5.8533272375976e-13,92.0082404458124,0.792691815281193
PC1_cellid_000153516-1,PC1_A2,Fibroblast,PC1_cellid_000160129-1,30.4696045606058,101,5.8508487825995e-14,51.8540499823234,0.821429725579749
PC1_cellid_000153597-1,PC1_A2,Fibroblast,PC1_cellid_000152982-1,14.1384493387092,45,1.41818692303148e-06,64.0998480270102,0.63446180613878
PC1_cellid_000153624-1,PC1_A2,Fibroblast,PC1_cellid_000152556-1,9.49009403616328,200,8.66306134416118e-05,60.082069987036,-0.464816329437602
PC1_cellid_000153648-1,PC1_A2,Fibroblast,PC1_cellid_000159706-1,19.3188529873833,200,4.11286641853955e-09,80.0088261802752,0.574339177174188
PC1_cellid_000153655-1,PC1_A2,Fibroblast,PC1_cellid_000157934-1,16.1414742150128,59,1.10505970759476e-07,47.9175261673852,0.668673759577515
PC1_cellid_000153680-1,PC1_A2,Fibroblast,PC1_cellid_000155109-1,10.7796618571529,191,2.08944493930685e-05,68.0633317691581,0.183978823658861
PC1_cellid_000153748-1,PC1_A2,Fibroblast,PC1_cellid_000155555-1,24.5147952233122,118,2.34575570805402e-11,119.78070989831,1.0632481133599
PC1_cellid_000153824-1,PC1_A2,Fibroblast,PC1_cellid_000160129-1,34.5239134802541,83,1.54264621096549e-15,67.9000744322103,1.03803976691542
PC1_cellid_000153841-1,PC1_A2,Fibroblast,PC1_cellid_000159607-1,8.24003630985829,200,0.000390012897475043,40.0182674971756,-0.15196558103583
PC1_cellid_000153861-1,PC1_A2,Fibroblast,PC1_cellid_000155345-1,31.5209312875861,92,2.06737559619009e-14,47.9725693520933,1.11729656752262
PC1_cellid_000153868-1,PC1_A2,Fibroblast,PC1_cellid_000157358-1,44.2836095076092,192,6.7424118293039e-20,43.8997481274115,0.405888919182043
PC1_cellid_000153905-1,PC1_A2,Fibroblast,PC1_cellid_000152982-1,63.3682025972358,41,3.0280823601136e-28,60.027401245767,0.679683778520081
PC1_cellid_000153909-1,PC1_A2,Fibroblast,PC1_cellid_000157144-1,49.6383835692162,104,2.76900621469987e-22,148.099866763503,0.68931739442078
PC1_cellid_000154063-1,PC1_A2,Fibroblast,PC1_cellid_000152982-1,77.0720847355446,51,3.5967370897038e-34,87.9631280352026,1.01083357631189
PC1_cellid_000154073-1,PC1_A2,Fibroblast,PC1_cellid_000161224-1,51.6248619002253,112,3.82024046074801e-23,80.0638693649871,0.35070051535739
PC1_cellid_000154090-1,PC1_A2,Fibroblast,PC1_cellid_000157358-1,36.6745871021117,200,1.25867505174668e-16,52.0446416899113,0.0346035261283568
PC1_cellid_000154093-1,PC1_A2,Fibroblast,PC1_cellid_000157108-1,33.0171369516496,200,6.37820227644e-15,36.1637467941381,1.1363102918931
PC1_cellid_000154121-1,PC1_A2,Fibroblast,PC1_cellid_000152982-1,62.789669999985,33,5.42602350166741e-28,76.0176336240723,0.305778412852011
PC1_cellid_000154124-1,PC1_A2,Fibroblast,PC1_cellid_000159329-1,7.81031909278014,149,0.000419726163396862,111.907662268422,0.355888748212867
PC1_cellid_000154199-1,PC1_A2,Fibroblast,PC1_cellid_000158553-1,33.128145360243,157,7.8872278909789e-15,59.9996924316931,0.388410823717723
PC1_cellid_000154316-1,PC1_A2,Fibroblast,PC1_cellid_000160927-1,8.59613966824439,173,0.000290475743556238,156.081502989059,0.499169800322323
PC1_cellid_000154329-1,PC1_A2,Fibroblast,PC1_cellid_000153104-1,11.1758156897521,179,1.40165559650972e-05,272.117404110304,0.0458093308199086
PC1_cellid_000154344-1,PC1_A2,Fibroblast,PC1_cellid_000152982-1,78.6215412347847,73,7.2199060559679e-35,104.09115559698,1.1528705218039
PC1_cellid_000154377-1,PC1_A2,Fibroblast,PC1_cellid_000161900-1,18.074449773201,166,1.41457722975819e-08,123.853905566418,0.56286625943505
PC1_cellid_000154396-1,PC1_A2,Fibroblast,PC1_cellid_000157358-1,64.9925365004429,143,9.13300499896956e-29,87.9088337373646,0.785794196962419
PC1_cellid_000154435-1,PC1_A2,Fibroblast,PC1_cellid_000161224-1,24.9730205210368,100,1.43592281674094e-11,123.96324304896,0.395773329915538
PC1_cellid_000154444-1,PC1_A2,Fibroblast,PC1_cellid_000154443-1,8.05813233040997,177,0.000316540389799574,168.108626068661,0.235404030588595
PC1_cellid_000154461-1,PC1_A2,Fibroblast,PC1_cellid_000157144-1,31.8997100359351,59,1.40001264116149e-14,80.0634949215534,0.716742300688719
PC1_cellid_000154537-1,PC1_A2,Fibroblast,PC1_cellid_000157144-1,70.8800935649604,55,1.64879473274629e-31,88.0455055905445,0.546867962506142
PC1_cellid_000154595-1,PC1_A2,Fibroblast,PC1_cellid_000153104-1,35.118780792784,177,5.97341180886494e-16,144.027419982253,0.951166147204358
PC1_cellid_000154601-1,PC1_A2,Fibroblast,PC1_cellid_000159329-1,7.84515036561595,142,0.000397834940320438,171.990106698893,0.771972931125072
PC1_cellid_000154646-1,PC1_A2,Fibroblast,PC1_cellid_000155345-1,14.3194732128744,113,6.64233515164133e-07,107.835589930609,0.513255294978671
PC1_cellid_000154677-1,PC1_A2,Fibroblast,PC1_cellid_000162081-1,12.0400462957776,200,5.95731660527315e-06,119.999384863386,0.061292505628364
PC1_cellid_000154682-1,PC1_A2,Fibroblast,PC1_cellid_000159092-1,41.0316582777605,169,1.87810161210837e-18,88.0177967764688,0.930911495002315
PC1_cellid_000154694-1,PC1_A2,Fibroblast,PC1_cellid_000157144-1,23.777224767874,58,4.71718043228012e-11,83.9453499952216,1.57116113860224
PC1_cellid_000154716-1,PC1_A2,Fibroblast,PC1_cellid_000160927-1,8.53627620819759,186,0.000199972539245365,68.0359973985211,0.406933257592445
PC1_cellid_000154734-1,PC1_A2,Fibroblast,PC1_cellid_000157358-1,19.3158663653248,200,4.1203790515599e-09,43.9544168686799,0.352978054986786
PC1_cellid_000154819-1,PC1_A2,Fibroblast,PC1_cellid_000157108-1,9.20551472537496,200,0.000117333732860681,103.899440559099,-0.0499928903695637
PC1_cellid_000154821-1,PC1_A2,Fibroblast,PC1_cellid_000152982-1,34.4757447731762,60,1.06573310395607e-15,127.871683606402,0.920543211541065
PC1_cellid_000154857-1,PC1_A2,Fibroblast,PC1_cellid_000159706-1,52.8909918227687,153,1.26197982039393e-23,63.9635506172682,1.14510281350117
PC1_cellid_000154878-1,PC1_A2,Fibroblast,PC1_cellid_000152982-1,63.0145309455206,53,4.30477788337992e-28,91.8992774067017,0.693119921763697
PC1_cellid_000154887-1,PC1_A2,Fibroblast,PC1_cellid_000158257-1,18.0553139510894,140,1.55244055121079e-08,75.9633393262381,0.24925329508645
PC1_cellid_000154888-1,PC1_A2,Fibroblast,PC1_cellid_000159706-1,18.1181124584149,188,1.76197973261349e-08,48.0276125367984,0.408395903093451
PC1_cellid_000154913-1,PC1_A2,Fibroblast,PC1_cellid_000157144-1,56.8925706878909,116,2.05364965211318e-25,80.1181636628218,0.395965545885736
PC1_cellid_000154926-1,PC1_A2,Fibroblast,PC1_cellid_000160129-1,20.6192776570204,92,1.10958733943414e-09,59.9723580610591,0.358787576692329
PC1_cellid_000154927-1,PC1_A2,Fibroblast,PC1_cellid_000154582-1,43.9657536082531,120,8.44639351693034e-20,99.9906255582388,1.45161985097737
PC1_cellid_000154948-1,PC1_A2,Fibroblast,PC1_cellid_000162138-1,26.398436712426,28,3.47075468118398e-12,83.9992698496252,-0.467987838489211
PC1_cellid_000154951-1,PC1_A2,Fibroblast,PC1_cellid_000154013-1,41.1150823920161,200,2.17340684040504e-18,128.035689830206,0.601187972549072
PC1_cellid_000155100-1,PC1_A2,Fibroblast,PC1_cellid_000152982-1,8.54630429655354,29,0.000194897660636912,64.0732625432482,0.314929951029492
PC1_cellid_000155119-1,PC1_A2,Fibroblast,PC1_cellid_000157358-1,53.8900228314244,179,4.00498328980096e-24,183.990644294728,0.473405282781151
PC1_cellid_000155201-1,PC1_A2,Fibroblast,PC1_cellid_000154013-1,29.0832960767501,200,2.40077162582271e-13,48.0541980205682,0.28646062338355
PC1_cellid_000155243-1,PC1_A2,Fibroblast,PC1_cellid_000157108-1,62.0095524501414,150,1.89355445021727e-27,107.972261783791,0.584379479725204
PC1_cellid_000155372-1,PC1_A2,Fibroblast,PC1_cellid_000157144-1,25.6110800461261,53,7.53788071177377e-12,91.953571704544,0.33445753294129
PC1_cellid_000155411-1,PC1_A2,Fibroblast,PC1_cellid_000152982-1,34.7723580146221,25,8.00339044047688e-16,100.073003113573,-0.116373467757801
PC1_cellid_000155442-1,PC1_A2,Fibroblast,PC1_cellid_000162081-1,8.54981565681181,200,0.000200973884545663,44.0090856099524,-0.431071299479341
PC1_cellid_000155443-1,PC1_A2,Fibroblast,PC1_cellid_000155555-1,30.2359297846803,105,1.18898305914615e-13,95.9728475182489,1.46362115274083
PC1_cellid_000155478-1,PC1_A2,Fibroblast,PC1_cellid_000157358-1,36.0395219537598,200,2.24272872250748e-16,44.0090856099529,-0.0792324132388099
PC1_cellid_000155495-1,PC1_A2,Fibroblast,PC1_cellid_000152982-1,21.1914332777661,59,6.26933481958938e-10,92.0370725901843,0.69205002552362
PC1_cellid_000155519-1,PC1_A2,Fibroblast,PC1_cellid_000153776-1,46.0674260359755,121,1.08482155060535e-20,80.0092006237187,0.40224674707569
PC1_cellid_000155525-1,PC1_A2,Fibroblast,PC1_cellid_000161900-1,42.6480410068104,142,3.00783482221318e-19,140.035852982611,1.09544049622962
PC1_cellid_000155554-1,PC1_A2,Fibroblast,PC1_cellid_000159092-1,9.00253587675918,115,0.000144397638914679,124.127249272772,0.218561861781467
PC1_cellid_000155578-1,PC1_A2,Fibroblast,PC1_cellid_000161224-1,41.448348087215,124,1.01367652378708e-18,115.954272452764,1.42362354162655
PC1_cellid_000155583-1,PC1_A2,Fibroblast,PC1_cellid_000158474-1,34.8289984191705,200,1.10444353579891e-15,159.989943546497,0.872217911676087
PC1_cellid_000155667-1,PC1_A2,Fibroblast,PC1_cellid_000155555-1,38.0050336032702,96,3.86239848585317e-17,47.9452349814561,0.847033826996875
PC1_cellid_000155668-1,PC1_A2,Fibroblast,PC1_cellid_000154013-1,9.85589053479366,200,5.24825263040054e-05,135.991489458869,0.740640439798824
PC1_cellid_000155670-1,PC1_A2,Fibroblast,PC1_cellid_000159706-1,27.6575869000786,181,1.01302840910472e-12,75.9363793990338,1.34755084751957
PC1_cellid_000155681-1,PC1_A2,Fibroblast,PC1_cellid_000153776-1,23.2266852307468,161,8.27122211691419e-11,116.008566750607,0.80248222814875
PC1_cellid_000155792-1,PC1_A2,Fibroblast,PC1_cellid_000152982-1,57.268132847505,78,1.35023473916876e-25,55.9815399482833,0.711649758315365
PC1_cellid_000155809-1,PC1_A2,Fibroblast,PC1_cellid_000157144-1,57.8694697782135,46,7.37239514849315e-26,155.944831135884,0.515354558198378
PC1_cellid_000155860-1,PC1_A2,Fibroblast,PC1_cellid_000161224-1,5.82550321651099,92,0.00296914611594834,64.0455537291818,0.759706069100792
PC1_cellid_000155871-1,PC1_A2,Fibroblast,PC1_cellid_000160643-1,14.1337288855179,175,8.15692590315089e-07,59.9727325044898,0.314453876271126
PC1_cellid_000155908-1,PC1_A2,Fibroblast,PC1_cellid_000152982-1,17.4556986758479,53,2.67464596664106e-08,64.0182193585377,1.26917881549328
PC1_cellid_000155913-1,PC1_A2,Fibroblast,PC1_cellid_000152982-1,72.413752990046,91,4.26673451728326e-32,131.99954801579,0.767449502865326
PC1_cellid_000155979-1,PC1_A2,Fibroblast,PC1_cellid_000160927-1,13.1475716490435,175,3.53583202977181e-06,111.935745525926,0.208837827983669
PC1_cellid_000155987-1,PC1_A2,Fibroblast,PC1_cellid_000157144-1,28.8587169992115,43,2.92966830375525e-13,91.9550694782749,-0.0787178065948532
PC1_cellid_000156029-1,PC1_A2,Fibroblast,PC1_cellid_000157679-1,21.1068678445391,200,7.340904917044e-10,132.081925571121,1.11851244585835
PC1_cellid_000156167-1,PC1_A2,Fibroblast,PC1_cellid_000157358-1,68.0628868499477,138,3.07934166518947e-30,88.0997998883809,0.423546923338444
PC1_cellid_000156188-1,PC1_A2,Fibroblast,PC1_cellid_000160129-1,26.2515426057066,100,3.97282929732604e-12,56.008874318919,0.761619463940012
PC1_cellid_000156239-1,PC1_A2,Fibroblast,PC1_cellid_000162138-1,39.4639817060741,87,7.26677290218183e-18,55.9815399482804,0.754027065838432
PC1_cellid_000156255-1,PC1_A2,Fibroblast,PC1_cellid_000162081-1,21.5472180243951,200,4.75951981955523e-10,143.97200235412,0.883619171417382
PC1_cellid_000156288-1,PC1_A2,Fibroblast,PC1_cellid_000161900-1,9.22261543036158,151,9.87813564439076e-05,127.981021088949,0.804458587491413
PC1_cellid_000156319-1,PC1_A2,Fibroblast,PC1_cellid_000157358-1,59.6589288481688,158,1.31167930301389e-26,39.8538868299306,0.446954593981647
PC1_cellid_000156392-1,PC1_A2,Fibroblast,PC1_cellid_000161224-1,41.6005919544791,108,8.61801222822871e-19,199.926582375205,1.24706324107083
PC1_cellid_000156396-1,PC1_A2,Fibroblast,PC1_cellid_000161900-1,33.7344168159471,124,2.64144241102628e-15,60.0820699870359,0.920282358008427
PC1_cellid_000156431-1,PC1_A2,Fibroblast,PC1_cellid_000161224-1,37.1614695877792,134,9.14188654900748e-17,115.980857936549,1.5514282864863
PC1_cellid_000156481-1,PC1_A2,Fibroblast,PC1_cellid_000158257-1,19.0021848763996,137,5.59076466889344e-09,51.9356786507985,0.446879565878376
PC1_cellid_000156526-1,PC1_A2,Fibroblast,PC1_cellid_000157358-1,24.9797879801066,200,1.42320123024086e-11,107.889884228449,1.09615859449048
PC1_cellid_000156641-1,PC1_A2,Fibroblast,PC1_cellid_000154871-1,11.1749785759522,22,1.54176193353671e-05,60.0824444304664,-0.449332413333408
PC1_cellid_000156649-1,PC1_A2,Fibroblast,PC1_cellid_000154013-1,7.01934975869413,200,0.000894900116445635,35.944697385625,-0.181206776446011
PC1_cellid_000156712-1,PC1_A2,Fibroblast,PC1_cellid_000161224-1,55.3216299167711,134,9.56551627958855e-25,275.890296144868,1.44496105569763
PC1_cellid_000156741-1,PC1_A2,Fibroblast,PC1_cellid_000157144-1,13.3408637144179,46,1.60744641715793e-06,204.246161822471,0.775045524192946
PC1_cellid_000156783-1,PC1_A2,Fibroblast,PC1_cellid_000157144-1,36.7884435941715,71,1.05434307339175e-16,79.9271975118068,0.317474647634619
PC1_cellid_000156806-1,PC1_A2,Fibroblast,PC1_cellid_000157144-1,16.2611681123746,45,8.66691267777316e-08,155.999499877147,0.172529539618173
PC1_cellid_000156836-1,PC1_A2,Fibroblast,PC1_cellid_000160129-1,33.5317839426657,114,2.73736478996665e-15,64.0455537291764,0.86946761244939
PC1_cellid_000156873-1,PC1_A2,Fibroblast,PC1_cellid_000153776-1,31.2921089286776,148,3.99133804019111e-14,107.97263622722,1.48415823250008
PC1_cellid_000156887-1,PC1_A2,Fibroblast,PC1_cellid_000152982-1,41.9414621646917,83,7.20249044701672e-19,120.218808715338,0.988821762018784
PC1_cellid_000156897-1,PC1_A2,Fibroblast,PC1_cellid_000155345-1,18.5323769382453,107,9.03680812428216e-09,44.0910887218594,0.33642814740712
PC1_cellid_000156919-1,PC1_A2,Fibroblast,PC1_cellid_000152982-1,31.7588224046565,67,1.61294639465599e-14,47.9995292792959,0.146952271668533
PC1_cellid_000156940-1,PC1_A2,Fibroblast,PC1_cellid_000159706-1,8.53909069872226,200,0.000211784045535297,111.854116857456,-0.149277765595259
PC1_cellid_000156941-1,PC1_A2,Fibroblast,PC1_cellid_000157144-1,28.438400806273,70,4.46025262091696e-13,32.0089224575564,0.400209895167702
PC1_cellid_000156946-1,PC1_A2,Fibroblast,PC1_cellid_000152982-1,62.4960224573683,66,7.22476723983312e-28,84.081647404967,1.074741335458
PC1_cellid_000156947-1,PC1_A2,Fibroblast,PC1_cellid_000159334-1,6.40226369867374,198,0.00170688211432181,96.027141816093,-0.792768743092113
PC1_cellid_000156979-1,PC1_A2,Fibroblast,PC1_cellid_000157108-1,27.0178900667942,200,2.16263678119159e-12,60.0274012457615,0.295725131496384
PC1_cellid_000156993-1,PC1_A2,Fibroblast,PC1_cellid_000157679-1,9.10400088169787,200,0.000195799684379073,103.927523816601,0.00498128880599781
PC1_cellid_000156999-1,PC1_A2,Fibroblast,PC1_cellid_000157144-1,45.6999804832375,61,1.4215124019799e-20,51.990721835507,0.902834488253324
PC1_cellid_000157009-1,PC1_A2,Fibroblast,PC1_cellid_000156375-1,19.1021054315989,155,7.87453937213087e-09,63.9628017304024,-0.0975495348734049
PC1_cellid_000157018-1,PC1_A2,Fibroblast,PC1_cellid_000161224-1,14.8679544172518,83,3.79998457481343e-07,68.0363718419558,0.687980204580595
PC1_cellid_000157054-1,PC1_A2,Fibroblast,PC1_cellid_000157144-1,43.4105418594164,62,1.4029468362165e-19,60.0820699870387,1.60291933933432
PC1_cellid_000157076-1,PC1_A2,Fibroblast,PC1_cellid_000159092-1,52.8460193930766,184,1.18669283354559e-23,103.844397374396,0.395682968294154
PC1_cellid_000157091-1,PC1_A2,Fibroblast,PC1_cellid_000152982-1,47.5295139037505,81,2.30156388126337e-21,67.8173224334331,0.623141205003031
PC1_cellid_000157104-1,PC1_A2,Fibroblast,PC1_cellid_000154443-1,27.7625584064836,149,8.87730304933096e-13,131.807832977898,0.691717585329222
PC1_cellid_000157115-1,PC1_A2,Fibroblast,PC1_cellid_000157358-1,23.7677573904609,200,4.88112360749512e-11,40.1002706090815,0.72917689117489
PC1_cellid_000157125-1,PC1_A2,Fibroblast,PC1_cellid_000155555-1,22.3433913248487,115,1.98414797061515e-10,168.08129169803,0.968513356054502
PC1_cellid_000157133-1,PC1_A2,Fibroblast,PC1_cellid_000157964-1,8.09046942142969,200,0.000384954480299148,124.018286233672,0.0858853330531147
PC1_cellid_000157146-1,PC1_A2,Fibroblast,PC1_cellid_000160129-1,52.47995950398,113,1.74038673862468e-23,47.999903722728,0.318909235975533
PC1_cellid_000157163-1,PC1_A2,Fibroblast,PC1_cellid_000157358-1,9.00341217516584,200,0.000159956432507379,99.9082480028921,0.21456625944892
PC1_cellid_000157193-1,PC1_A2,Fibroblast,PC1_cellid_000157144-1,53.0517507728096,34,9.11837363827802e-24,163.981136102715,0.546730814419992
PC1_cellid_000157227-1,PC1_A2,Fibroblast,PC1_cellid_000154013-1,40.8071991701156,200,1.97213155568846e-18,176.064051253874,0.800533564990223
PC1_cellid_000157228-1,PC1_A2,Fibroblast,PC1_cellid_000152982-1,71.3859690092801,37,1.0008195291432e-31,43.8724137567728,0.789655375842667
PC1_cellid_000157238-1,PC1_A2,Fibroblast,PC1_cellid_000157108-1,39.00339313789,198,1.5673756357938e-17,55.8722024657414,0.280580673187534
PC1_cellid_000157271-1,PC1_A2,Fibroblast,PC1_cellid_000159092-1,37.8610297143775,155,3.77190294185811e-17,160.154698657176,0.761015253315759
PC1_cellid_000157287-1,PC1_A2,Fibroblast,PC1_cellid_000160129-1,20.4046677773441,97,1.37519846598764e-09,55.9545800210789,1.16846347831324
PC1_cellid_000157307-1,PC1_A2,Fibroblast,PC1_cellid_000157144-1,59.0965869751918,119,2.1611238854231e-26,64.0182193585407,0.364747625862911
PC1_cellid_000157328-1,PC1_A2,Fibroblast,PC1_cellid_000154582-1,22.960072613933,168,1.12153554377023e-10,236.173081168125,0.106377613521435
PC1_cellid_000157331-1,PC1_A2,Fibroblast,PC1_cellid_000157144-1,70.72385429598,41,1.92761609677312e-31,132.054216757055,0.956074539942869
PC1_cellid_000157343-1,PC1_A2,Fibroblast,PC1_cellid_000162138-1,12.5389724846429,55,3.5843314742357e-06,87.9088337373601,0.119171391432952
PC1_cellid_000157371-1,PC1_A2,Fibroblast,PC1_cellid_000160129-1,6.70947464802926,78,0.00121930452040315,99.9089968897638,-0.00743266799564665
PC1_cellid_000157408-1,PC1_A2,Fibroblast,PC1_cellid_000157144-1,40.0184006219527,91,4.27814114292319e-18,88.0462544774004,1.47617873660768
PC1_cellid_000157460-1,PC1_A2,Fibroblast,PC1_cellid_000153776-1,37.1364292652775,137,8.54116834130878e-17,52.0457650202055,0.638844151254849
PC1_cellid_000157497-1,PC1_A2,Fibroblast,PC1_cellid_000161135-1,6.08092214926099,197,0.00228685678623449,108.081599266329,0.659485891697813
PC1_cellid_000157547-1,PC1_A2,Fibroblast,PC1_cellid_000157144-1,36.5021733420453,82,1.40381017575648e-16,88.1275087024533,0.806779635214036
PC1_cellid_000157620-1,PC1_A2,Fibroblast,PC1_cellid_000161224-1,10.8290234021308,91,2.00756972791794e-05,23.9729919341594,-0.0151331768385689
PC1_cellid_000157651-1,PC1_A2,Fibroblast,PC1_cellid_000157934-1,7.63136285823547,49,0.000485603959385978,76.1003856228471,0.572822285745346
PC1_cellid_000157658-1,PC1_A2,Fibroblast,PC1_cellid_000161135-1,14.5613959219396,187,5.19504080029868e-07,55.9815399482799,0.96535350852454
PC1_cellid_000157662-1,PC1_A2,Fibroblast,PC1_cellid_000157108-1,30.8191069866116,200,4.33245998315188e-14,123.853156679551,0.622314539325386
PC1_cellid_000157715-1,PC1_A2,Fibroblast,PC1_cellid_000161900-1,41.1124642246234,125,1.467268641606e-18,67.8723656181413,0.373626993737202
PC1_cellid_000157719-1,PC1_A2,Fibroblast,PC1_cellid_000155555-1,13.4596611560166,120,1.4312360200456e-06,95.8900955194855,0.154786475314684
PC1_cellid_000157739-1,PC1_A2,Fibroblast,PC1_cellid_000157144-1,43.0182604554556,92,2.0768582839534e-19,79.9271975118203,1.10243017138912
PC1_cellid_000157775-1,PC1_A2,Fibroblast,PC1_cellid_000155555-1,33.8338169146083,103,2.03444446616138e-15,83.9449755517889,1.24105994235016
PC1_cellid_000157814-1,PC1_A2,Fibroblast,PC1_cellid_000157108-1,9.00478532914177,200,0.000125811404923619,95.9724730748236,-0.131613507339284
PC1_cellid_000157826-1,PC1_A2,Fibroblast,PC1_cellid_000161135-1,13.6037200867424,190,1.23862596059736e-06,59.862646135085,0.705396599048919
PC1_cellid_000157898-1,PC1_A2,Fibroblast,PC1_cellid_000157144-1,13.4133660263101,40,1.49502739584421e-06,63.9905105444665,0.0470509526358568
PC1_cellid_000157908-1,PC1_A2,Fibroblast,PC1_cellid_000153776-1,31.9848141072687,149,1.2902903413658e-14,67.9543687300488,0.0742486630461228
PC1_cellid_000157918-1,PC1_A2,Fibroblast,PC1_cellid_000152982-1,67.4264071338527,31,5.26845686757745e-30,44.0090856099513,0.340088585303965
PC1_cellid_000157932-1,PC1_A2,Fibroblast,PC1_cellid_000161900-1,27.6604190370761,149,9.71033094568801e-13,163.981136102688,0.370714210137094
PC1_cellid_000158028-1,PC1_A2,Fibroblast,PC1_cellid_000154013-1,32.8108135448794,200,5.66719046001017e-15,48.1912443171779,0.0466576125325316
PC1_cellid_000158053-1,PC1_A2,Fibroblast,PC1_cellid_000158553-1,15.650833149393,132,1.72467650125579e-07,96.0541017433006,-0.0822101890731311
PC1_cellid_000158065-1,PC1_A2,Fibroblast,PC1_cellid_000162138-1,31.4953872083033,76,2.09819780848155e-14,56.0096232057837,0.820946713311004
PC1_cellid_000158071-1,PC1_A2,Fibroblast,PC1_cellid_000157358-1,52.01893587242,193,2.89789362977973e-23,123.881239937054,0.666469863010957
PC1_cellid_000158105-1,PC1_A2,Fibroblast,PC1_cellid_000154582-1,38.8429115638444,131,1.58665265073824e-17,55.8722024657388,1.18498386084982
PC1_cellid_000158130-1,PC1_A2,Fibroblast,PC1_cellid_000160129-1,27.5310870534541,64,2.11528274577895e-12,88.0732144046098,0.289396718385046
PC1_cellid_000158181-1,PC1_A2,Fibroblast,PC1_cellid_000160129-1,33.836603285111,112,2.01813430741402e-15,48.0549469074269,0.419835923701486
PC1_cellid_000158219-1,PC1_A2,Fibroblast,PC1_cellid_000157144-1,83.5282210736397,89,6.41174931655467e-37,59.8087262806774,1.11733811516592
PC1_cellid_000158356-1,PC1_A2,Fibroblast,PC1_cellid_000155724-1,12.0757320035397,192,7.05187537102894e-06,163.953801732066,0.500244506919346
PC1_cellid_000158358-1,PC1_A2,Fibroblast,PC1_cellid_000161900-1,31.9954229108716,128,1.27989610167175e-14,79.9534085521461,0.801283865874251
PC1_cellid_000158389-1,PC1_A2,Fibroblast,PC1_cellid_000157964-1,26.8993855179812,200,2.37859397428532e-12,95.9994330020197,0.774116164951686
PC1_cellid_000158407-1,PC1_A2,Fibroblast,PC1_cellid_000157358-1,64.3679762628255,168,1.19358098917335e-28,151.980972950298,1.59711107367529
PC1_cellid_000158433-1,PC1_A2,Fibroblast,PC1_cellid_000161224-1,23.6093043732656,73,1.02228962515068e-10,40.045601867812,0.736631547952916
PC1_cellid_000158457-1,PC1_A2,Fibroblast,PC1_cellid_000157144-1,35.1272327671543,80,5.57510919695231e-16,28.0727730860491,0.419699713939676
PC1_cellid_000158465-1,PC1_A2,Fibroblast,PC1_cellid_000152982-1,38.0429470524546,43,3.01135826072199e-17,140.009267498853,0.6263211347275
PC1_cellid_000158517-1,PC1_A2,Fibroblast,PC1_cellid_000154013-1,13.9439582471999,200,8.93464250707613e-07,79.8991142543068,0.930321610702408
PC1_cellid_000158545-1,PC1_A2,Fibroblast,PC1_cellid_000161224-1,11.6901375964998,109,8.44432248199608e-06,60.0547356163973,0.972904724672222
PC1_cellid_000158579-1,PC1_A2,Fibroblast,PC1_cellid_000161224-1,47.1566431685204,142,3.64546237903024e-21,140.035478539188,1.11784400241136
PC1_cellid_000158588-1,PC1_A2,Fibroblast,PC1_cellid_000158257-1,16.177478819151,142,9.42473946056564e-08,111.881076784658,0.244675266434935
PC1_cellid_000158647-1,PC1_A2,Fibroblast,PC1_cellid_000161224-1,17.256696127732,102,3.21523329831051e-08,47.9999037227283,0.661245345471676
PC1_cellid_000158676-1,PC1_A2,Fibroblast,PC1_cellid_000160176-1,18.7816135950924,72,1.31960483220236e-08,24.0546206026327,-0.0504662455572366
PC1_cellid_000158681-1,PC1_A2,Fibroblast,PC1_cellid_000152982-1,69.4544482018638,42,6.8870895492702e-31,40.0182674971762,1.14865266428484
PC1_cellid_000158709-1,PC1_A2,Fibroblast,PC1_cellid_000162138-1,19.9922397917864,69,2.17078058644282e-09,107.944927413159,0.453592807951003
PC1_cellid_000158757-1,PC1_A2,Fibroblast,PC1_cellid_000161900-1,17.482306966219,156,2.5558293078591e-08,187.980713520631,0.418956411640617
PC1_cellid_000158813-1,PC1_A2,Fibroblast,PC1_cellid_000160129-1,20.0045458632803,74,2.0518053482041e-09,40.072561795012,0.782500018252842
PC1_cellid_000158824-1,PC1_A2,Fibroblast,PC1_cellid_000159092-1,29.4318728994619,132,2.26670608795958e-13,95.9724730748279,0.976038804024114
PC1_cellid_000158826-1,PC1_A2,Fibroblast,PC1_cellid_000152982-1,74.5097457008191,80,4.39476292080608e-33,84.1643994037394,1.08826267218565
PC1_cellid_000158829-1,PC1_A2,Fibroblast,PC1_cellid_000155109-1,10.7770807316991,198,3.46899988658838e-05,127.954061161744,0.979157434914576
PC1_cellid_000158833-1,PC1_A2,Fibroblast,PC1_cellid_000161224-1,71.0179531513037,139,1.47980386603865e-31,71.9994811406657,0.0873419664337381
PC1_cellid_000158854-1,PC1_A2,Fibroblast,PC1_cellid_000159706-1,58.2470952633923,142,9.62474915578544e-26,56.0365831329877,0.855801267310047
PC1_cellid_000158859-1,PC1_A2,Fibroblast,PC1_cellid_000161135-1,15.5530666662078,186,1.77611509063213e-07,35.9450718290591,0.312742140867766
PC1_cellid_000158880-1,PC1_A2,Fibroblast,PC1_cellid_000161900-1,48.3681724848565,149,1.46821246025807e-21,63.9354673597671,1.1598747717974
PC1_cellid_000158902-1,PC1_A2,Fibroblast,PC1_cellid_000157144-1,21.9285388139674,42,2.99720613120451e-10,231.853127277416,0.0246232457807621
PC1_cellid_000158970-1,PC1_A2,Fibroblast,PC1_cellid_000157144-1,62.624108750619,63,6.34885100993008e-28,71.9451868428195,1.57452449352136
PC1_cellid_000158975-1,PC1_A2,Fibroblast,PC1_cellid_000160129-1,23.5362044820169,36,6.0028353476759e-11,171.90772914355,0.0306737941587568
PC1_cellid_000158977-1,PC1_A2,Fibroblast,PC1_cellid_000155555-1,9.00349831581253,127,0.000123023377411948,176.035967996391,-0.00754336719386484
PC1_cellid_000159036-1,PC1_A2,Fibroblast,PC1_cellid_000152982-1,26.2429958602032,22,4.56242940365046e-12,51.9360530942333,-0.418248112224396
PC1_cellid_000159041-1,PC1_A2,Fibroblast,PC1_cellid_000155109-1,20.2222759739959,174,1.73332572711638e-09,64.0728880998093,0.380500238375187
PC1_cellid_000159044-1,PC1_A2,Fibroblast,PC1_cellid_000161900-1,9.90759133942032,165,4.98343361421063e-05,112.10012619318,0.789909073247835
PC1_cellid_000159057-1,PC1_A2,Fibroblast,PC1_cellid_000158257-1,20.5437183188716,151,1.20008684942846e-09,59.9446492469926,0.56725889361132
PC1_cellid_000159146-1,PC1_A2,Fibroblast,PC1_cellid_000160129-1,29.0155618983538,74,2.60704020667812e-13,51.9633874648722,0.445960482226173
PC1_cellid_000159149-1,PC1_A2,Fibroblast,PC1_cellid_000155345-1,37.5569937785148,92,5.17986880516741e-17,71.9725212134532,0.982090283936002
PC1_cellid_000159201-1,PC1_A2,Fibroblast,PC1_cellid_000159329-1,13.9248624925791,138,9.40814870135853e-07,43.9825001261831,0.486383337923064
PC1_cellid_000159202-1,PC1_A2,Fibroblast,PC1_cellid_000152982-1,49.9280523356285,22,2.25108957801499e-22,59.9453981338565,-0.101024697737709
PC1_cellid_000159203-1,PC1_A2,Fibroblast,PC1_cellid_000153776-1,10.3048269847211,199,3.38711515908562e-05,95.9178043335496,0.589747221488366
PC1_cellid_000159214-1,PC1_A2,Fibroblast,PC1_cellid_000155981-1,5.85594905963479,187,0.00463214690971918,59.9176893197867,-0.0979974073159084
PC1_cellid_000159270-1,PC1_A2,Fibroblast,PC1_cellid_000157144-1,22.0209624717808,29,2.73160256785511e-10,39.9905586831088,-0.0993175379246845
PC1_cellid_000159356-1,PC1_A2,Fibroblast,PC1_cellid_000159329-1,31.0679672139153,119,3.30644912927424e-14,75.9910481402994,0.891068149009722
PC1_cellid_000159386-1,PC1_A2,Fibroblast,PC1_cellid_000159342-1,6.34796825882852,163,0.00177813876858815,104.200493079522,0.3562554843519
PC1_cellid_000159414-1,PC1_A2,Fibroblast,PC1_cellid_000153776-1,31.8643395376845,151,1.62174365455846e-14,79.8171111424051,0.667373693985519
PC1_cellid_000159423-1,PC1_A2,Fibroblast,PC1_cellid_000160643-1,15.6316583646438,180,1.65257547921802e-07,27.9907699741437,0.733506647759686
PC1_cellid_000159427-1,PC1_A2,Fibroblast,PC1_cellid_000161900-1,35.3542448952802,143,4.42433831857268e-16,71.9178524721957,1.08021744962019
PC1_cellid_000159433-1,PC1_A2,Fibroblast,PC1_cellid_000157108-1,21.9403873906735,200,3.00895187688608e-10,31.89921053158,0.2606298126816
PC1_cellid_000159436-1,PC1_A2,Fibroblast,PC1_cellid_000161224-1,28.1645788516402,121,6.05578005684909e-13,68.0090374713116,1.48725510943529
PC1_cellid_000159491-1,PC1_A2,Fibroblast,PC1_cellid_000160129-1,28.6308544268258,105,3.67940779379084e-13,131.889836089819,1.17264293265721
PC1_cellid_000159513-1,PC1_A2,Fibroblast,PC1_cellid_000161224-1,14.5793729464444,110,4.69670244630287e-07,52.0176817627077,0.621941576782744
PC1_cellid_000159517-1,PC1_A2,Fibroblast,PC1_cellid_000157358-1,24.186921447079,200,4.93479323040365e-11,72.081484252564,0.286319308404699
PC1_cellid_000159603-1,PC1_A2,Fibroblast,PC1_cellid_000157358-1,80.1125791585181,120,2.62925749085009e-35,39.9358899418387,0.377558192840694
PC1_cellid_000159618-1,PC1_A2,Fibroblast,PC1_cellid_000160129-1,15.5218608401201,91,1.81527107808001e-07,120.109096789369,0.768962706882539
PC1_cellid_000159620-1,PC1_A2,Fibroblast,PC1_cellid_000152982-1,21.9748562412038,32,2.86459001206305e-10,183.990269851271,0.266198704754992
PC1_cellid_000159629-1,PC1_A2,Fibroblast,PC1_cellid_000162138-1,38.899776354619,99,1.402661671878e-17,207.989847269216,1.39192851641919
PC1_cellid_000159667-1,PC1_A2,Fibroblast,PC1_cellid_000152982-1,41.7799138905315,24,7.28456630451903e-19,123.963243048961,-0.0227436229690218
PC1_cellid_000159710-1,PC1_A2,Fibroblast,PC1_cellid_000159092-1,18.0375117382904,118,2.74184896482275e-08,111.908785598725,1.2998508117369
PC1_cellid_000159711-1,PC1_A2,Fibroblast,PC1_cellid_000159494-1,8.00451052240797,106,0.000455689253481253,47.9733182389612,0.344588188814217
PC1_cellid_000159736-1,PC1_A2,Fibroblast,PC1_cellid_000157679-1,52.1871299477115,200,4.13232302293004e-23,75.991048140299,0.937171116988878
PC1_cellid_000159763-1,PC1_A2,Fibroblast,PC1_cellid_000157144-1,46.0992789413073,100,9.89650036902448e-21,67.9266599159765,0.78339101123195
PC1_cellid_000159770-1,PC1_A2,Fibroblast,PC1_cellid_000155259-1,10.0215945568171,37,7.01398060081252e-05,115.954272452782,0.0112802068917049
PC1_cellid_000159783-1,PC1_A2,Fibroblast,PC1_cellid_000157144-1,78.5333130911731,86,7.82414799153294e-35,44.0087111665202,0.83836426824742
PC1_cellid_000159800-1,PC1_A2,Fibroblast,PC1_cellid_000157358-1,16.2776903981183,200,1.23529544821851e-07,111.936494412799,0.524108719178841
PC1_cellid_000159817-1,PC1_A2,Fibroblast,PC1_cellid_000157144-1,67.7406151208523,77,3.80736621891743e-30,64.0178449151128,0.141021996669698
PC1_cellid_000159821-1,PC1_A2,Fibroblast,PC1_cellid_000157108-1,50.0374913608457,177,2.4582417652272e-22,124.072580531504,0.611371101720953
PC1_cellid_000159870-1,PC1_A2,Fibroblast,PC1_cellid_000152982-1,53.0246346875141,51,9.38421628501609e-24,35.9993661268956,0.319019333368198
PC1_cellid_000159878-1,PC1_A2,Fibroblast,PC1_cellid_000162138-1,12.0321567341391,60,5.94977768374257e-06,104.009526928507,-0.278569310912142
PC1_cellid_000159882-1,PC1_A2,Fibroblast,PC1_cellid_000157964-1,36.3658541991807,200,1.67410228391252e-16,100.017959928876,0.797844786649431
PC1_cellid_000159908-1,PC1_A2,Fibroblast,PC1_cellid_000160129-1,35.777434492657,103,2.89994571851511e-16,75.9090450284017,1.51196988582735
PC1_cellid_000159918-1,PC1_A2,Fibroblast,PC1_cellid_000157221-1,23.0312659663454,200,1.03937394349935e-10,119.862713010202,1.05843294970026
PC1_cellid_000160029-1,PC1_A2,Fibroblast,PC1_cellid_000160927-1,18.4162726135289,184,1.83360140301485e-08,99.9906255582345,1.01379344202743
PC1_cellid_000160038-1,PC1_A2,Fibroblast,PC1_cellid_000157108-1,65.3812151975113,140,6.00832812852992e-29,75.9910481403077,0.276937541748753
PC1_cellid_000160063-1,PC1_A2,Fibroblast,PC1_cellid_000157358-1,65.1864203260245,155,4.94059257957209e-29,96.0544761867301,0.230192641717924
PC1_cellid_000160074-1,PC1_A2,Fibroblast,PC1_cellid_000156375-1,7.06164674893915,151,0.000857898426208519,23.9999518613659,0.200407426791389
PC1_cellid_000160098-1,PC1_A2,Fibroblast,PC1_cellid_000154013-1,50.3191416112303,187,3.26100448117083e-22,176.090636737645,1.25666086878693
PC1_cellid_000160146-1,PC1_A2,Fibroblast,PC1_cellid_000152982-1,51.3426631345664,38,5.05532699246829e-23,119.999384863393,0.674677665073103
PC1_cellid_000160150-1,PC1_A2,Fibroblast,PC1_cellid_000154443-1,21.0124813002428,158,7.52201638256634e-10,64.1005969138797,0.648358155521792
PC1_cellid_000160156-1,PC1_A2,Fibroblast,PC1_cellid_000159329-1,37.4866721986516,112,6.29642392327205e-17,140.00814416854,1.48908710923812
PC1_cellid_000160191-1,PC1_A2,Fibroblast,PC1_cellid_000157964-1,34.7853330638733,200,1.0168982101351e-15,155.999499877146,1.0603228127944
PC1_cellid_000160210-1,PC1_A2,Fibroblast,PC1_cellid_000152982-1,9.21422147807959,36,9.9670516800965e-05,116.008566750616,0.35341461465248
PC1_cellid_000160289-1,PC1_A2,Fibroblast,PC1_cellid_000161900-1,19.3124284785207,177,9.20096876611159e-09,55.9815399482821,0.995836038943074
PC1_cellid_000160385-1,PC1_A2,Fibroblast,PC1_cellid_000162138-1,21.849935502934,68,3.24120532145087e-10,176.145305478934,0.799176114387332
PC1_cellid_000160388-1,PC1_A2,Fibroblast,PC1_cellid_000158474-1,10.4456255193681,200,2.91384514133363e-05,140.255276834559,0.30001971920489
PC1_cellid_000160416-1,PC1_A2,Fibroblast,PC1_cellid_000154582-1,17.0893925877415,170,3.78595427816407e-08,124.072206088079,0.0714564675519152
PC1_cellid_000160436-1,PC1_A2,Fibroblast,PC1_cellid_000159092-1,47.18148176172,166,3.63216685817616e-21,64.0732625432471,0.291808991081191
PC1_cellid_000160461-1,PC1_A2,Fibroblast,PC1_cellid_000155109-1,10.7826029579683,200,4.06119856337028e-05,64.073262543246,-0.170433780828996
PC1_cellid_000160488-1,PC1_A2,Fibroblast,PC1_cellid_000153170-1,26.3076696988712,158,6.75711286938526e-12,128.227404868092,0.495211408130845
PC1_cellid_000160528-1,PC1_A2,Fibroblast,PC1_cellid_000153104-1,19.7899586656067,196,3.29126424250645e-09,136.045034869838,0.538015222336189
PC1_cellid_000160536-1,PC1_A2,Fibroblast,PC1_cellid_000158257-1,12.4136287201137,132,4.29512454070188e-06,92.0089893326839,1.1090954873218
PC1_cellid_000160544-1,PC1_A2,Fibroblast,PC1_cellid_000157108-1,44.1049536096446,193,1.22139081219107e-19,39.9909331265386,-0.00487562933011154
PC1_cellid_000160596-1,PC1_A2,Fibroblast,PC1_cellid_000161224-1,27.0197033240606,82,2.00659281000415e-12,48.0545724640008,0.291091833249122
PC1_cellid_000160609-1,PC1_A2,Fibroblast,PC1_cellid_000157221-1,17.465266227412,200,5.19326188188713e-08,148.044823578807,0.925991245812052
PC1_cellid_000160667-1,PC1_A2,Fibroblast,PC1_cellid_000157358-1,27.7883121072192,200,8.93220418888844e-13,55.9819143917158,0.763555960239583
PC1_cellid_000160675-1,PC1_A2,Fibroblast,PC1_cellid_000152982-1,12.8134001901322,25,3.19642404355391e-06,43.9270824980437,-0.476059736285493
PC1_cellid_000160755-1,PC1_A2,Fibroblast,PC1_cellid_000162138-1,30.0200509636268,83,9.17188591601662e-14,107.834841043749,0.84549725908921
PC1_cellid_000160791-1,PC1_A2,Fibroblast,PC1_cellid_000159092-1,37.5438406590957,164,8.71887197558326e-17,19.8994218226127,0.716857878325784
PC1_cellid_000160803-1,PC1_A2,Fibroblast,PC1_cellid_000160129-1,39.6242744008687,117,6.18608204165237e-18,55.9268712070115,0.248394725045465
PC1_cellid_000160810-1,PC1_A2,Fibroblast,PC1_cellid_000161900-1,18.7856006439235,145,6.94260576164912e-09,92.0370725901805,0.543879651305658
PC1_cellid_000160823-1,PC1_A2,Fibroblast,PC1_cellid_000157679-1,44.1052084625545,200,1.07895143151229e-19,63.9631761738386,0.626050820134413
PC1_cellid_000160858-1,PC1_A2,Fibroblast,PC1_cellid_000161900-1,55.219319221242,124,1.05994707144931e-24,75.8809617708969,0.70525889957486
PC1_cellid_000160867-1,PC1_A2,Fibroblast,PC1_cellid_000160129-1,13.9186402885436,49,9.02009949435654e-07,179.917448626611,0.00634655731084141
PC1_cellid_000160897-1,PC1_A2,Fibroblast,PC1_cellid_000160129-1,13.0181642630279,81,2.21964282863125e-06,55.8995368363805,0.29283499666182
PC1_cellid_000160952-1,PC1_A2,Fibroblast,PC1_cellid_000161224-1,56.9161598012857,96,2.82277298414093e-25,92.0363237033244,0.246178384975934
PC1_cellid_000160974-1,PC1_A2,Fibroblast,PC1_cellid_000152982-1,46.0093104308539,46,1.04506712888385e-20,80.1454980334587,0.575900483058177
PC1_cellid_000161048-1,PC1_A2,Fibroblast,PC1_cellid_000157358-1,32.6946987414477,200,6.39435915351646e-15,32.0089224575586,0.417435768292981
PC1_cellid_000161050-1,PC1_A2,Fibroblast,PC1_cellid_000159092-1,30.4383606864975,144,6.31305270061387e-14,51.936053094231,0.637583776122463
PC1_cellid_000161059-1,PC1_A2,Fibroblast,PC1_cellid_000153104-1,26.0197981891557,166,5.04029605533169e-12,163.927216248311,0.672339631591507
PC1_cellid_000161061-1,PC1_A2,Fibroblast,PC1_cellid_000161900-1,20.6074766967807,136,1.42255826859095e-09,91.9266117773429,0.975060787881889
PC1_cellid_000161081-1,PC1_A2,Fibroblast,PC1_cellid_000152982-1,49.2313957578887,71,4.16325289262121e-22,59.9996924316931,1.05899056485757
PC1_cellid_000161114-1,PC1_A2,Fibroblast,PC1_cellid_000161224-1,81.6083534330642,105,5.10858283007449e-36,95.9994330020169,0.619627120756337
PC1_cellid_000161131-1,PC1_A2,Fibroblast,PC1_cellid_000160176-1,10.8277025438429,70,2.1870526740699e-05,76.0453424381428,1.17319559399324
PC1_cellid_000161138-1,PC1_A2,Fibroblast,PC1_cellid_000157144-1,55.9538466679827,61,5.00671823159649e-25,71.9451868428261,1.21323350418862
PC1_cellid_000161139-1,PC1_A2,Fibroblast,PC1_cellid_000158474-1,11.1736033137035,200,1.56285030737214e-05,27.9630611600714,-0.0773291864634984
PC1_cellid_000161141-1,PC1_A2,Fibroblast,PC1_cellid_000153170-1,21.2040855920219,153,6.20867904689989e-10,128.00947878988,0.766475848987289
PC1_cellid_000161152-1,PC1_A2,Fibroblast,PC1_cellid_000158257-1,24.6251552489042,156,2.11777822040179e-11,31.9819625303482,-0.170458797763038
PC1_cellid_000161188-1,PC1_A2,Fibroblast,PC1_cellid_000157144-1,33.5426702644687,73,2.70771777453184e-15,163.871798620163,0.732611018308191
PC1_cellid_000161196-1,PC1_A2,Fibroblast,PC1_cellid_000161224-1,31.0314840434092,114,3.35419647838197e-14,116.090569862523,1.3151297334406
PC1_cellid_000161225-1,PC1_A2,Fibroblast,PC1_cellid_000157358-1,54.110943061044,175,3.19441294575678e-24,88.0174223330428,0.427645219165374
PC1_cellid_000161242-1,PC1_A2,Fibroblast,PC1_cellid_000155109-1,18.0489020913186,177,1.70176584388113e-08,52.018430649573,1.30417530664698
PC1_cellid_000161282-1,PC1_A2,Fibroblast,PC1_cellid_000158474-1,18.3927906604581,200,1.06178344713702e-08,139.953849870709,0.752303537004702
PC1_cellid_000161290-1,PC1_A2,Fibroblast,PC1_cellid_000155555-1,17.8947591503492,128,2.07585023732122e-08,80.0361605509175,0.743278527886742
PC1_cellid_000161383-1,PC1_A2,Fibroblast,PC1_cellid_000157964-1,11.1902132818748,200,1.39685963108694e-05,147.880817354977,0.445623758079041
PC1_cellid_000161386-1,PC1_A2,Fibroblast,PC1_cellid_000153444-1,11.4104022363076,170,1.38533243709473e-05,96.0271418160925,0.341288818019397
PC1_cellid_000161409-1,PC1_A2,Fibroblast,PC1_cellid_000160129-1,23.4515579519398,92,6.53314136639616e-11,147.990154837525,0.641938322923748
PC1_cellid_000161412-1,PC1_A2,Fibroblast,PC1_cellid_000157358-1,32.2840388095757,200,9.80206058927035e-15,35.9724061996913,0.387679794527385
PC1_cellid_000161413-1,PC1_A2,Fibroblast,PC1_cellid_000158742-1,10.4477597216553,200,7.05824774672382e-05,76.1823887347507,-0.0415703636003027
PC1_cellid_000161419-1,PC1_A2,Fibroblast,PC1_cellid_000155109-1,17.814337946439,175,1.99982032312707e-08,59.8626461350823,0.651592948502566
PC1_cellid_000161425-1,PC1_A2,Fibroblast,PC1_cellid_000157964-1,50.7783406342808,200,1.62277634870581e-22,128.063398644281,0.597943989509116
PC1_cellid_000161448-1,PC1_A2,Fibroblast,PC1_cellid_000157358-1,39.8209785482259,200,5.12126156696754e-18,23.9456575635252,0.324743006613715
PC1_cellid_000161465-1,PC1_A2,Fibroblast,PC1_cellid_000161224-1,36.6719774482656,89,1.22206435618896e-16,63.8538386912917,0.546656751761724
PC1_cellid_000161473-1,PC1_A2,Fibroblast,PC1_cellid_000157358-1,41.7830157368959,194,7.27474649133424e-19,51.9633874648679,0.618505825007846
PC1_cellid_000161490-1,PC1_A2,Fibroblast,PC1_cellid_000157358-1,36.3459162716118,200,2.09102267166214e-16,68.0367462853846,0.408234256235987
PC1_cellid_000161507-1,PC1_A2,Fibroblast,PC1_cellid_000157108-1,56.4358903624891,156,4.09136480013412e-25,51.9356786508048,0.3940440487304
PC1_cellid_000161517-1,PC1_A2,Fibroblast,PC1_cellid_000160643-1,8.49740059977832,173,0.000204252361041046,107.972636227227,0.226281661499666
PC1_cellid_000161520-1,PC1_A2,Fibroblast,PC1_cellid_000162081-1,5.09838977715657,200,0.0062572333008575,48.0276125367933,-0.415777110847433
PC1_cellid_000161535-1,PC1_A2,Fibroblast,PC1_cellid_000157679-1,60.7549711993466,191,9.44745676582006e-27,148.127201134126,0.411284483469656
PC1_cellid_000161564-1,PC1_A2,Fibroblast,PC1_cellid_000153104-1,36.0397932018581,187,2.68076802526786e-16,151.981347393736,1.05393973159369
PC1_cellid_000161614-1,PC1_A2,Fibroblast,PC1_cellid_000159092-1,23.4267867244763,137,6.86187436805374e-11,132.054591200489,0.907900170573536
PC1_cellid_000161661-1,PC1_A2,Fibroblast,PC1_cellid_000158553-1,25.9505522200313,147,7.61356489863683e-12,100.017959928873,0.928190054560264
PC1_cellid_000161662-1,PC1_A2,Fibroblast,PC1_cellid_000159706-1,24.1889587701238,200,3.19332565155263e-11,48.0268636499322,-0.129684884093136
PC1_cellid_000161667-1,PC1_A2,Fibroblast,PC1_cellid_000157358-1,46.3231710900614,193,7.67745693590739e-21,63.9905105444736,-0.0702087109093807
PC1_cellid_000161821-1,PC1_A2,Fibroblast,PC1_cellid_000155109-1,11.1645519546299,190,1.41872869258744e-05,60.0270268023311,0.304440131334599
PC1_cellid_000161826-1,PC1_A2,Fibroblast,PC1_cellid_000160129-1,37.013748613751,107,8.41653396533377e-17,52.1000593180466,0.0410186926572139
PC1_cellid_000161854-1,PC1_A2,Fibroblast,PC1_cellid_000152982-1,54.0700584116741,84,3.33227539670813e-24,36.0267004975348,1.18938884424534
PC1_cellid_000161880-1,PC1_A2,Fibroblast,PC1_cellid_000152982-1,21.9015436029279,26,3.12317747615332e-10,96.0541017432969,-0.200129888469834
PC1_cellid_000161899-1,PC1_A2,Fibroblast,PC1_cellid_000157358-1,41.7081539782995,200,7.8568138663585e-19,104.145824338259,0.556342930584311
PC1_cellid_000161917-1,PC1_A2,Fibroblast,PC1_cellid_000154013-1,22.0203284324825,200,2.7516490699237e-10,60.0543611729708,0.569660828606849
PC1_cellid_000161919-1,PC1_A2,Fibroblast,PC1_cellid_000160129-1,13.9214716356124,61,8.99459656517985e-07,112.018123081275,0.0743570038355707
PC1_cellid_000161978-1,PC1_A2,Fibroblast,PC1_cellid_000162138-1,43.6572984209671,82,1.26726832615759e-19,108.026930525054,1.02279684734974
PC1_cellid_000162069-1,PC1_A2,Fibroblast,PC1_cellid_000162138-1,23.7145062505512,78,5.02489325967969e-11,151.872009911195,0.495100923542284
PC1_cellid_000162078-1,PC1_A2,Fibroblast,PC1_cellid_000160129-1,16.9855009898789,94,4.20039997993772e-08,92.1179523717852,1.0526862216684
PC1_cellid_000162092-1,PC1_A2,Fibroblast,PC1_cellid_000157144-1,74.0651602744276,90,6.82196706071648e-33,56.0365831329858,0.363722925658519
PC1_cellid_000162101-1,PC1_A2,Fibroblast,PC1_cellid_000159092-1,41.004798767019,149,2.21216931870188e-18,91.8992774067062,0.678315396949088
PC1_cellid_000162106-1,PC1_A2,Fibroblast,PC1_cellid_000161224-1,22.1247441309536,115,2.52888431993685e-10,84.0269786636938,0.626065218039993
PC1_cellid_000162179-1,PC1_A2,Fibroblast,PC1_cellid_000157358-1,33.2359016287839,200,3.73165764409761e-15,55.9542055776479,0.0645184011938762
PC1_cellid_000162187-1,PC1_A2,Fibroblast,PC1_cellid_000157108-1,18.6880709885177,200,7.78382578695474e-09,51.8813843529609,-0.180198105278689
PC1_cellid_000162217-1,PC1_A2,Fibroblast,PC1_cellid_000157144-1,31.0620617528868,33,3.23532552556127e-14,55.9268712070162,-0.201019948011583
PC1_cellid_000162234-1,PC1_A2,Fibroblast,PC1_cellid_000157144-1,36.4794773325232,48,1.43603257567843e-16,83.94460110835,0.29668717262336
PC1_cellid_000162283-1,PC1_A2,Fibroblast,PC1_cellid_000157221-1,33.6222119423246,200,4.39856197751142e-15,72.0548987687977,0.696013865167505
PC1_cellid_000162289-1,PC1_A2,Fibroblast,PC1_cellid_000152982-1,73.0356126350486,60,1.91328847430198e-32,72.0275643981596,0.796934396395411
PC1_cellid_000162312-1,PC1_A2,Fibroblast,PC1_cellid_000161224-1,19.2534775467428,90,4.40982483060731e-09,31.9546281597168,0.646491006153597
PC1_cellid_000162314-1,PC1_A2,Fibroblast,PC1_cellid_000157700-1,8.09687894459702,144,0.000349571634903301,67.9266599159811,0.0145681524068233
PC1_cellid_000162315-1,PC1_A2,Fibroblast,PC1_cellid_000157964-1,46.0647979779108,200,1.11915191392593e-20,60.02702680233,0.410185621873577
PC1_cellid_000162343-1,PC1_A2,Fibroblast,PC1_cellid_000157144-1,62.6869516444047,117,5.96214970608284e-28,63.9635506172671,0.328800311693962
PC1_cellid_000162362-1,PC1_A2,Fibroblast,PC1_cellid_000161224-1,32.6705666519432,92,6.62741722086918e-15,52.1551025027514,0.710097092788331
PC1_cellid_000162371-1,PC1_A2,Fibroblast,PC1_cellid_000157144-1,78.4097654500663,98,8.86407436998418e-35,40.0452274243783,0.362986227414362
PC1_cellid_000162390-1,PC1_A2,Fibroblast,PC1_cellid_000152982-1,67.784877775083,25,3.72589364608193e-30,27.9364756763047,0.277791719029777
PC1_cellid_000162406-1,PC1_A2,Fibroblast,PC1_cellid_000161900-1,44.6789653819851,134,3.94616535069005e-20,68.1180005104247,0.3861492648847
PC1_cellid_000162451-1,PC1_A2,Fibroblast,PC1_cellid_000152982-1,55.424025854765,61,8.51405229708077e-25,39.9639731993404,-0.0529864354507694
PC1_cellid_000162512-1,PC1_A2,Fibroblast,PC1_cellid_000157679-1,14.219348559634,200,6.87284412817634e-07,52.0453905767754,0.186197670003273
PC1_cellid_000162517-1,PC1_A2,Fibroblast,PC1_cellid_000162081-1,25.2395603198253,200,1.16237514168652e-11,52.0188050930117,1.26832497690451
PC1_cellid_000162524-1,PC1_A2,Fibroblast,PC1_cellid_000152982-1,30.3930644750221,23,6.50132180331128e-14,71.9448123993913,0.379250669334446
PC1_cellid_000162525-1,PC1_A2,Fibroblast,PC1_cellid_000162138-1,40.017026609455,94,4.28599829934949e-18,92.1187012586526,0.947881044188682
PC1_cellid_000162545-1,PC1_A2,Fibroblast,PC1_cellid_000157358-1,56.5432347400647,167,2.8332835633088e-25,36.1090780528701,0.266448604171909
PC1_cellid_000162636-1,PC1_A2,Fibroblast,PC1_cellid_000157144-1,47.6533510769099,48,2.01563821239078e-21,67.9817031006812,0.566395125638205
PC1_cellid_000162673-1,PC1_A2,Fibroblast,PC1_cellid_000157144-1,77.1618212659116,36,3.37224835308899e-34,75.9906736968718,0.290478996472596
PC1_cellid_000162687-1,PC1_A2,Fibroblast,PC1_cellid_000157358-1,48.2827718061605,185,1.08498725223779e-21,31.9819625303526,-0.0348488799579031
PC1_cellid_000162733-1,PC1_A2,Fibroblast,PC1_cellid_000157358-1,57.7973681514072,188,1.44171135230083e-25,103.982192557878,0.144354493217446
PC1_cellid_000162786-1,PC1_A2,Fibroblast,PC1_cellid_000154871-1,7.06367998736006,22,0.000978586567879656,68.1187493972964,-0.188264841086971
PC1_cellid_000162799-1,PC1_A2,Fibroblast,PC1_cellid_000157679-1,27.6060831864199,200,1.83121409903072e-12,123.990202976162,0.558891852547659
PC1_cellid_000162832-1,PC1_A2,Fibroblast,PC1_cellid_000158474-1,50.207104402267,200,2.73245464732259e-22,104.145824338258,0.737035557554484
